queuePosition,priority,priorityReason,slug,title,category,importance,status,articleUrl,taskLibraryUrl,unmetStandardGates,heldStandardGates,unknownStandardGates,nextAction,instructionRevisionReviewed,contributorComplete,articleMapped,articleCatalogGate,articleSemanticCertification,taskExampleEvidence,recordedExecution,acceptedExecution,setupSuccess
1,P0,Explicit evidence hold,build-into-post-project-checklist-and-weekly-routine,Keep a Simple Thank-You Routine,Thank You Machine,3,needs-work,https://blitzmetrics.com/thank-you-machine,https://local-service-spotlight.github.io/task-library/?task=build-into-post-project-checklist-and-weekly-routine#task-build-into-post-project-checklist-and-weekly-routine,contributorComplete,articleCatalogGate;articleSemanticCertification,taskExampleEvidence;recordedExecution;acceptedExecution;setupSuccess,"Semantic certification held: the ordinary public URL redirects to /face-socks/ (How to Order Custom Face Socks, post 103160). That gift-ordering recipe does not certify the mapped thank-you video, tagging and paid-test workflows. The canonical video destination needs owner reconciliation; contributor task states are unchanged.",pass,unmet,pass,hold,hold,unknown,unknown,unknown,unknown
2,P0,Explicit evidence hold,boost-with-dollar-a-day,Test a Thank-You Post With a Small Ad,Thank You Machine,5,complete,https://blitzmetrics.com/thank-you-machine,https://local-service-spotlight.github.io/task-library/?task=boost-with-dollar-a-day#task-boost-with-dollar-a-day,,articleCatalogGate;articleSemanticCertification,taskExampleEvidence;recordedExecution;acceptedExecution;setupSuccess,"Semantic certification held: the ordinary public URL redirects to /face-socks/ (How to Order Custom Face Socks, post 103160). That gift-ordering recipe does not certify the mapped thank-you video, tagging and paid-test workflows. The canonical video destination needs owner reconciliation; contributor task states are unchanged.",pass,pass,pass,hold,hold,unknown,unknown,unknown,unknown
3,P0,Explicit evidence hold,create-and-send-thank-you-machine-videos,Create and send Thank You Machine videos,Content Factory — Promote,5,complete,https://blitzmetrics.com/thank-you-machine,https://local-service-spotlight.github.io/task-library/?task=create-and-send-thank-you-machine-videos#task-create-and-send-thank-you-machine-videos,,articleCatalogGate;articleSemanticCertification,taskExampleEvidence;recordedExecution;acceptedExecution;setupSuccess,"Semantic certification held: the ordinary public URL redirects to /face-socks/ (How to Order Custom Face Socks, post 103160). That gift-ordering recipe does not certify the mapped thank-you video, tagging and paid-test workflows. The canonical video destination needs owner reconciliation; contributor task states are unchanged.",pass,pass,pass,hold,hold,unknown,unknown,unknown,unknown
4,P0,Explicit evidence hold,funnel-levels-audience-engagement-conversion,"Funnel levels (Audience, Engagement, Conversion)",Strategy & Measurement,5,complete,https://blitzmetrics.com/9-triangles-framework-scalable-home-service-businesses/,https://local-service-spotlight.github.io/task-library/?task=funnel-levels-audience-engagement-conversion#task-funnel-levels-audience-engagement-conversion,,articleCatalogGate;articleSemanticCertification,taskExampleEvidence;recordedExecution;acceptedExecution;setupSuccess,"Semantic certification held: the live hub duplicates GCT and DDD and omits the accepted AEC, CID, and SBP triangle labels from Nine Triangles operational version 2026-08-06.",pass,pass,pass,hold,hold,unknown,unknown,unknown,unknown
5,P0,Explicit evidence hold,maa-cycle-metrics-analysis-action,"MAA cycle (Metrics, Analysis, Action)",Strategy & Measurement,4,complete,https://blitzmetrics.com/9-triangles-framework-scalable-home-service-businesses/,https://local-service-spotlight.github.io/task-library/?task=maa-cycle-metrics-analysis-action#task-maa-cycle-metrics-analysis-action,,articleCatalogGate;articleSemanticCertification,taskExampleEvidence;recordedExecution;acceptedExecution;setupSuccess,"Semantic certification held: the live hub duplicates GCT and DDD and omits the accepted AEC, CID, and SBP triangle labels from Nine Triangles operational version 2026-08-06.",pass,pass,pass,hold,hold,unknown,unknown,unknown,unknown
6,P0,Explicit evidence hold,content-strategy-90-greatest-hits-10-new,"Content Strategy (90% Greatest Hits, 10% New)",Strategy & Measurement,3,complete,https://blitzmetrics.com/9-triangles-framework-scalable-home-service-businesses/,https://local-service-spotlight.github.io/task-library/?task=content-strategy-90-greatest-hits-10-new#task-content-strategy-90-greatest-hits-10-new,,articleCatalogGate;articleSemanticCertification,taskExampleEvidence;recordedExecution;acceptedExecution;setupSuccess,"Semantic certification held: the live hub duplicates GCT and DDD and omits the accepted AEC, CID, and SBP triangle labels from Nine Triangles operational version 2026-08-06.",pass,pass,pass,hold,hold,unknown,unknown,unknown,unknown
7,P0,Explicit evidence hold,follow-entity-linking-decision-tree,Follow entity linking decision tree,SEO & Content Architecture,3,complete,https://blitzmetrics.com/entity-linking/,https://local-service-spotlight.github.io/task-library/?task=follow-entity-linking-decision-tree#task-follow-entity-linking-decision-tree,,articleCatalogGate;articleSemanticCertification,taskExampleEvidence;recordedExecution;acceptedExecution;setupSuccess,Existing completed entity-linking task now maps to its precise standalone recipe. This mapping review is not independent runtime or semantic certification of the newly mapped article.,pass,pass,pass,hold,hold,unknown,unknown,unknown,unknown
8,P0,Explicit evidence hold,gct-goals-content-targeting,"GCT (Goals, Content, Targeting)",Strategy & Measurement,3,complete,https://blitzmetrics.com/9-triangles-framework-scalable-home-service-businesses/,https://local-service-spotlight.github.io/task-library/?task=gct-goals-content-targeting#task-gct-goals-content-targeting,,articleCatalogGate;articleSemanticCertification,taskExampleEvidence;recordedExecution;acceptedExecution;setupSuccess,"Semantic certification held: the live hub duplicates GCT and DDD and omits the accepted AEC, CID, and SBP triangle labels from Nine Triangles operational version 2026-08-06.",pass,pass,pass,hold,hold,unknown,unknown,unknown,unknown
9,P0,Explicit evidence hold,identify-thank-you-triggers,Find a Real Reason to Say Thanks,Thank You Machine,3,complete,https://blitzmetrics.com/thank-you-machine,https://local-service-spotlight.github.io/task-library/?task=identify-thank-you-triggers#task-identify-thank-you-triggers,,articleCatalogGate;articleSemanticCertification,taskExampleEvidence;recordedExecution;acceptedExecution;setupSuccess,"Semantic certification held: the ordinary public URL redirects to /face-socks/ (How to Order Custom Face Socks, post 103160). That gift-ordering recipe does not certify the mapped thank-you video, tagging and paid-test workflows. The canonical video destination needs owner reconciliation; contributor task states are unchanged.",pass,pass,pass,hold,hold,unknown,unknown,unknown,unknown
10,P0,Explicit evidence hold,kill-underperformers-scale-winners,"Kill underperformers, scale winners",Strategy & Measurement,3,complete,https://blitzmetrics.com/9-triangles-framework-scalable-home-service-businesses/,https://local-service-spotlight.github.io/task-library/?task=kill-underperformers-scale-winners#task-kill-underperformers-scale-winners,,articleCatalogGate;articleSemanticCertification,taskExampleEvidence;recordedExecution;acceptedExecution;setupSuccess,"Semantic certification held: the live hub duplicates GCT and DDD and omits the accepted AEC, CID, and SBP triangle labels from Nine Triangles operational version 2026-08-06.",pass,pass,pass,hold,hold,unknown,unknown,unknown,unknown
11,P0,Explicit evidence hold,learn-do-teach-apprentice-model,"Learn, Do, Teach apprentice model",Strategy & Measurement,3,complete,https://blitzmetrics.com/9-triangles-framework-scalable-home-service-businesses/,https://local-service-spotlight.github.io/task-library/?task=learn-do-teach-apprentice-model#task-learn-do-teach-apprentice-model,,articleCatalogGate;articleSemanticCertification,taskExampleEvidence;recordedExecution;acceptedExecution;setupSuccess,"Semantic certification held: the live hub duplicates GCT and DDD and omits the accepted AEC, CID, and SBP triangle labels from Nine Triangles operational version 2026-08-06.",pass,pass,pass,hold,hold,unknown,unknown,unknown,unknown
12,P0,Explicit evidence hold,management-communicate-iterate-delegate,"Management (Communicate, Iterate, Delegate)",Strategy & Measurement,3,complete,https://blitzmetrics.com/9-triangles-framework-scalable-home-service-businesses/,https://local-service-spotlight.github.io/task-library/?task=management-communicate-iterate-delegate#task-management-communicate-iterate-delegate,,articleCatalogGate;articleSemanticCertification,taskExampleEvidence;recordedExecution;acceptedExecution;setupSuccess,"Semantic certification held: the live hub duplicates GCT and DDD and omits the accepted AEC, CID, and SBP triangle labels from Nine Triangles operational version 2026-08-06.",pass,pass,pass,hold,hold,unknown,unknown,unknown,unknown
13,P0,Explicit evidence hold,personal-efficiency-do-delegate-delete,"Personal Efficiency (Do, Delegate, Delete)",Strategy & Measurement,3,complete,https://blitzmetrics.com/9-triangles-framework-scalable-home-service-businesses/,https://local-service-spotlight.github.io/task-library/?task=personal-efficiency-do-delegate-delete#task-personal-efficiency-do-delegate-delete,,articleCatalogGate;articleSemanticCertification,taskExampleEvidence;recordedExecution;acceptedExecution;setupSuccess,"Semantic certification held: the live hub duplicates GCT and DDD and omits the accepted AEC, CID, and SBP triangle labels from Nine Triangles operational version 2026-08-06.",pass,pass,pass,hold,hold,unknown,unknown,unknown,unknown
14,P0,Explicit evidence hold,process-through-content-factory,Process the Thank-You Clip,Thank You Machine,3,complete,https://blitzmetrics.com/thank-you-machine,https://local-service-spotlight.github.io/task-library/?task=process-through-content-factory#task-process-through-content-factory,,articleCatalogGate;articleSemanticCertification,taskExampleEvidence;recordedExecution;acceptedExecution;setupSuccess,"Semantic certification held: the ordinary public URL redirects to /face-socks/ (How to Order Custom Face Socks, post 103160). That gift-ordering recipe does not certify the mapped thank-you video, tagging and paid-test workflows. The canonical video destination needs owner reconciliation; contributor task states are unchanged.",pass,pass,pass,hold,hold,unknown,unknown,unknown,unknown
15,P0,Explicit evidence hold,record-one-minute-thank-you-video,Record a One-Minute Thank-You Video,Thank You Machine,3,complete,https://blitzmetrics.com/thank-you-machine,https://local-service-spotlight.github.io/task-library/?task=record-one-minute-thank-you-video#task-record-one-minute-thank-you-video,,articleCatalogGate;articleSemanticCertification,taskExampleEvidence;recordedExecution;acceptedExecution;setupSuccess,"Semantic certification held: the ordinary public URL redirects to /face-socks/ (How to Order Custom Face Socks, post 103160). That gift-ordering recipe does not certify the mapped thank-you video, tagging and paid-test workflows. The canonical video destination needs owner reconciliation; contributor task states are unchanged.",pass,pass,pass,hold,hold,unknown,unknown,unknown,unknown
16,P0,Explicit evidence hold,run-thank-you-machine-for-every-interaction,Run Thank You Machine for every interaction,Personal Branding,3,complete,https://blitzmetrics.com/thank-you-machine,https://local-service-spotlight.github.io/task-library/?task=run-thank-you-machine-for-every-interaction#task-run-thank-you-machine-for-every-interaction,,articleCatalogGate;articleSemanticCertification,taskExampleEvidence;recordedExecution;acceptedExecution;setupSuccess,"Semantic certification held: the ordinary public URL redirects to /face-socks/ (How to Order Custom Face Socks, post 103160). That gift-ordering recipe does not certify the mapped thank-you video, tagging and paid-test workflows. The canonical video destination needs owner reconciliation; contributor task states are unchanged.",pass,pass,pass,hold,hold,unknown,unknown,unknown,unknown
17,P0,Explicit evidence hold,systematization-content-checklists-software,Systematization (Content → Checklists → Software),Strategy & Measurement,3,complete,https://blitzmetrics.com/9-triangles-framework-scalable-home-service-businesses/,https://local-service-spotlight.github.io/task-library/?task=systematization-content-checklists-software#task-systematization-content-checklists-software,,articleCatalogGate;articleSemanticCertification,taskExampleEvidence;recordedExecution;acceptedExecution;setupSuccess,"Semantic certification held: the live hub duplicates GCT and DDD and omits the accepted AEC, CID, and SBP triangle labels from Nine Triangles operational version 2026-08-06.",pass,pass,pass,hold,hold,unknown,unknown,unknown,unknown
18,P0,Explicit evidence hold,tag-the-person-on-social-media,Tag the Right Person in a Thank-You Post,Thank You Machine,3,complete,https://blitzmetrics.com/thank-you-machine,https://local-service-spotlight.github.io/task-library/?task=tag-the-person-on-social-media#task-tag-the-person-on-social-media,,articleCatalogGate;articleSemanticCertification,taskExampleEvidence;recordedExecution;acceptedExecution;setupSuccess,"Semantic certification held: the ordinary public URL redirects to /face-socks/ (How to Order Custom Face Socks, post 103160). That gift-ordering recipe does not certify the mapped thank-you video, tagging and paid-test workflows. The canonical video destination needs owner reconciliation; contributor task states are unchanged.",pass,pass,pass,hold,hold,unknown,unknown,unknown,unknown
19,P0,Explicit evidence hold,three-pillars-marketing-operations-finance,"Three Pillars (Marketing, Operations, Finance)",Strategy & Measurement,3,complete,https://blitzmetrics.com/9-triangles-framework-scalable-home-service-businesses/,https://local-service-spotlight.github.io/task-library/?task=three-pillars-marketing-operations-finance#task-three-pillars-marketing-operations-finance,,articleCatalogGate;articleSemanticCertification,taskExampleEvidence;recordedExecution;acceptedExecution;setupSuccess,"Semantic certification held: the live hub duplicates GCT and DDD and omits the accepted AEC, CID, and SBP triangle labels from Nine Triangles operational version 2026-08-06.",pass,pass,pass,hold,hold,unknown,unknown,unknown,unknown
20,P1,Known standard gap,grade-article-using-jennifer,Grade article using Jennifer,Content Factory — Process,5,gap,,,contributorComplete;articleMapped;articleCatalogGate,,articleSemanticCertification;taskExampleEvidence;recordedExecution;acceptedExecution;setupSuccess,No valid canonical article URL is mapped for this task.,pass,unmet,unmet,unmet,unknown,unknown,unknown,unknown,unknown
21,P1,Known standard gap,how-to-configure-ga4-with-internal-traffic-filtering,Write or Repair the GA4 Setup Guide,Gaps & Tasks to Create,5,gap,,,contributorComplete;articleMapped;articleCatalogGate,,articleSemanticCertification;taskExampleEvidence;recordedExecution;acceptedExecution;setupSuccess,No valid canonical article URL is mapped for this task.,pass,unmet,unmet,unmet,unknown,unknown,unknown,unknown,unknown
22,P1,Known standard gap,how-to-grade-an-article-using-jennifer,Write or Repair the Jennifer Review Guide,Gaps & Tasks to Create,5,gap,,,contributorComplete;articleMapped;articleCatalogGate,,articleSemanticCertification;taskExampleEvidence;recordedExecution;acceptedExecution;setupSuccess,No valid canonical article URL is mapped for this task.,pass,unmet,unmet,unmet,unknown,unknown,unknown,unknown,unknown
23,P1,Known standard gap,how-to-install-and-configure-gtm,Write or Repair the Tag Manager Guide,Gaps & Tasks to Create,5,gap,,,contributorComplete;articleMapped;articleCatalogGate,,articleSemanticCertification;taskExampleEvidence;recordedExecution;acceptedExecution;setupSuccess,No valid canonical article URL is mapped for this task.,pass,unmet,unmet,unmet,unknown,unknown,unknown,unknown,unknown
24,P1,Known standard gap,install-google-tag-manager-container,Install Google Tag Manager Container,Digital Plumbing,5,gap,,,contributorComplete;articleMapped;articleCatalogGate,,articleSemanticCertification;taskExampleEvidence;recordedExecution;acceptedExecution;setupSuccess,No valid canonical article URL is mapped for this task.,pass,unmet,unmet,unmet,unknown,unknown,unknown,unknown,unknown
25,P1,Known standard gap,install-meta-pixel-with-standard-events,Install Meta Pixel With Standard Events,Digital Plumbing,5,gap,,,contributorComplete;articleMapped;articleCatalogGate,,articleSemanticCertification;taskExampleEvidence;recordedExecution;acceptedExecution;setupSuccess,No valid canonical article URL is mapped for this task.,pass,unmet,unmet,unmet,unknown,unknown,unknown,unknown,unknown
26,P1,Known standard gap,set-up-ga4-with-internal-traffic-filtering,Set Up GA4 With Internal Traffic Filtering,Digital Plumbing,5,gap,,,contributorComplete;articleMapped;articleCatalogGate,,articleSemanticCertification;taskExampleEvidence;recordedExecution;acceptedExecution;setupSuccess,No valid canonical article URL is mapped for this task.,pass,unmet,unmet,unmet,unknown,unknown,unknown,unknown,unknown
27,P1,Known standard gap,process-videos-via-marketscale,Process videos via MarketScale,Content Factory — Process,4,gap,,,contributorComplete;articleMapped;articleCatalogGate,,articleSemanticCertification;taskExampleEvidence;recordedExecution;acceptedExecution;setupSuccess,No valid canonical article URL is mapped for this task.,pass,unmet,unmet,unmet,unknown,unknown,unknown,unknown,unknown
28,P1,Known standard gap,how-to-set-up-schema-markup-for-personal-brand-site,Write or Repair the Person Schema Guide,Gaps & Tasks to Create,3,gap,,,contributorComplete;articleMapped;articleCatalogGate,,articleSemanticCertification;taskExampleEvidence;recordedExecution;acceptedExecution;setupSuccess,No valid canonical article URL is mapped for this task.,pass,unmet,unmet,unmet,unknown,unknown,unknown,unknown,unknown
29,P1,Known standard gap,how-to-convert-third-person-copy-to-first-person,Write or Repair the First-Person Copy Guide,Gaps & Tasks to Create,2,gap,,,contributorComplete;articleMapped;articleCatalogGate,,articleSemanticCertification;taskExampleEvidence;recordedExecution;acceptedExecution;setupSuccess,No valid canonical article URL is mapped for this task.,pass,unmet,unmet,unmet,unknown,unknown,unknown,unknown,unknown
30,P1,Known standard gap,how-to-map-your-seo-tree-from-scratch,Write or Repair the SEO Tree Mapping Guide,Gaps & Tasks to Create,2,gap,,,contributorComplete;articleMapped;articleCatalogGate,,articleSemanticCertification;taskExampleEvidence;recordedExecution;acceptedExecution;setupSuccess,No valid canonical article URL is mapped for this task.,pass,unmet,unmet,unmet,unknown,unknown,unknown,unknown,unknown
31,P1,Known standard gap,how-to-process-videos-via-marketscale,Write or Repair the MarketScale Video Guide,Gaps & Tasks to Create,2,gap,,,contributorComplete;articleMapped;articleCatalogGate,,articleSemanticCertification;taskExampleEvidence;recordedExecution;acceptedExecution;setupSuccess,No valid canonical article URL is mapped for this task.,pass,unmet,unmet,unmet,unknown,unknown,unknown,unknown,unknown
32,P1,Known standard gap,how-to-run-the-ai-business-audit,Write or Repair the AI Business Audit Guide,Gaps & Tasks to Create,2,gap,,,contributorComplete;articleMapped;articleCatalogGate,,articleSemanticCertification;taskExampleEvidence;recordedExecution;acceptedExecution;setupSuccess,No valid canonical article URL is mapped for this task.,pass,unmet,unmet,unmet,unknown,unknown,unknown,unknown,unknown
33,P1,Known standard gap,add-knowledge-capture-to-existing-workflows,Add Knowledge Capture to existing workflows,Knowledge System Maintenance,2,gap,https://blitzmetrics.com/knowledge-system-maintenance,https://local-service-spotlight.github.io/task-library/?task=add-knowledge-capture-to-existing-workflows#task-add-knowledge-capture-to-existing-workflows,contributorComplete;articleCatalogGate,,articleSemanticCertification;taskExampleEvidence;recordedExecution;acceptedExecution;setupSuccess,The contributor status is gap; finish and review the guide.,pass,unmet,pass,unmet,unknown,unknown,unknown,unknown,unknown
34,P1,Known standard gap,add-last-audited-column-to-definitive-article-guide-status-table,Add Last Audited column to Definitive Article Guide status table,Knowledge System Maintenance,2,gap,https://blitzmetrics.com/knowledge-system-maintenance,https://local-service-spotlight.github.io/task-library/?task=add-last-audited-column-to-definitive-article-guide-status-table#task-add-last-audited-column-to-definitive-article-guide-status-table,contributorComplete;articleCatalogGate,,articleSemanticCertification;taskExampleEvidence;recordedExecution;acceptedExecution;setupSuccess,The contributor status is gap; finish and review the guide.,pass,unmet,pass,unmet,unknown,unknown,unknown,unknown,unknown
35,P1,Known standard gap,conduct-first-portability-review-of-blog-posting-guidelines,Conduct first portability review of Blog Posting Guidelines,Knowledge System Maintenance,2,gap,https://blitzmetrics.com/knowledge-system-maintenance,https://local-service-spotlight.github.io/task-library/?task=conduct-first-portability-review-of-blog-posting-guidelines#task-conduct-first-portability-review-of-blog-posting-guidelines,contributorComplete;articleCatalogGate,,articleSemanticCertification;taskExampleEvidence;recordedExecution;acceptedExecution;setupSuccess,The contributor status is gap; finish and review the guide.,pass,unmet,pass,unmet,unknown,unknown,unknown,unknown,unknown
36,P1,Known standard gap,create-knowledge-capture-note-template-and-distribute,Create Knowledge Capture Note template and distribute,Knowledge System Maintenance,2,gap,https://blitzmetrics.com/knowledge-system-maintenance,https://local-service-spotlight.github.io/task-library/?task=create-knowledge-capture-note-template-and-distribute#task-create-knowledge-capture-note-template-and-distribute,contributorComplete;articleCatalogGate,,articleSemanticCertification;taskExampleEvidence;recordedExecution;acceptedExecution;setupSuccess,The contributor status is gap; finish and review the guide.,pass,unmet,pass,unmet,unknown,unknown,unknown,unknown,unknown
37,P1,Known standard gap,create-shared-location-for-sop-amendment-proposals,Create shared location for task guide Amendment Proposals,Knowledge System Maintenance,2,gap,https://blitzmetrics.com/knowledge-system-maintenance,https://local-service-spotlight.github.io/task-library/?task=create-shared-location-for-sop-amendment-proposals#task-create-shared-location-for-sop-amendment-proposals,contributorComplete;articleCatalogGate,,articleSemanticCertification;taskExampleEvidence;recordedExecution;acceptedExecution;setupSuccess,The contributor status is gap; finish and review the guide.,pass,unmet,pass,unmet,unknown,unknown,unknown,unknown,unknown
38,P1,Known standard gap,provide-knowledge-capture-note-template,Provide Knowledge Capture Note template,Knowledge System Maintenance,2,gap,https://blitzmetrics.com/knowledge-system-maintenance,https://local-service-spotlight.github.io/task-library/?task=provide-knowledge-capture-note-template#task-provide-knowledge-capture-note-template,contributorComplete;articleCatalogGate,,articleSemanticCertification;taskExampleEvidence;recordedExecution;acceptedExecution;setupSuccess,The contributor status is gap; finish and review the guide.,pass,unmet,pass,unmet,unknown,unknown,unknown,unknown,unknown
39,P1,Known standard gap,schedule-and-assign-quarterly-auditors,Schedule and assign quarterly auditors,Knowledge System Maintenance,2,gap,https://blitzmetrics.com/knowledge-system-maintenance,https://local-service-spotlight.github.io/task-library/?task=schedule-and-assign-quarterly-auditors#task-schedule-and-assign-quarterly-auditors,contributorComplete;articleCatalogGate,,articleSemanticCertification;taskExampleEvidence;recordedExecution;acceptedExecution;setupSuccess,The contributor status is gap; finish and review the guide.,pass,unmet,pass,unmet,unknown,unknown,unknown,unknown,unknown
40,P1,Known standard gap,schedule-first-6-month-recursive-review,Schedule first 6-month recursive review,Knowledge System Maintenance,2,gap,https://blitzmetrics.com/knowledge-system-maintenance,https://local-service-spotlight.github.io/task-library/?task=schedule-first-6-month-recursive-review#task-schedule-first-6-month-recursive-review,contributorComplete;articleCatalogGate,,articleSemanticCertification;taskExampleEvidence;recordedExecution;acceptedExecution;setupSuccess,The contributor status is gap; finish and review the guide.,pass,unmet,pass,unmet,unknown,unknown,unknown,unknown,unknown
41,P1,Known standard gap,schedule-first-quarterly-audit-cycle,Schedule first quarterly audit cycle,Knowledge System Maintenance,2,gap,https://blitzmetrics.com/knowledge-system-maintenance,https://local-service-spotlight.github.io/task-library/?task=schedule-first-quarterly-audit-cycle#task-schedule-first-quarterly-audit-cycle,contributorComplete;articleCatalogGate,,articleSemanticCertification;taskExampleEvidence;recordedExecution;acceptedExecution;setupSuccess,The contributor status is gap; finish and review the guide.,pass,unmet,pass,unmet,unknown,unknown,unknown,unknown,unknown
42,P1,Known standard gap,set-up-sop-amendment-proposal-tracking-system,Set up task guide Amendment Proposal tracking system,Knowledge System Maintenance,2,gap,https://blitzmetrics.com/knowledge-system-maintenance,https://local-service-spotlight.github.io/task-library/?task=set-up-sop-amendment-proposal-tracking-system#task-set-up-sop-amendment-proposal-tracking-system,contributorComplete;articleCatalogGate,,articleSemanticCertification;taskExampleEvidence;recordedExecution;acceptedExecution;setupSuccess,The contributor status is gap; finish and review the guide.,pass,unmet,pass,unmet,unknown,unknown,unknown,unknown,unknown
43,P1,Known standard gap,create-dollar-a-day-ad-creatives,Create Dollar a Day ad creatives,Content Factory — Process,5,needs-work,,,contributorComplete;articleMapped;articleCatalogGate,,articleSemanticCertification;taskExampleEvidence;recordedExecution;acceptedExecution;setupSuccess,No valid canonical article URL is mapped for this task.,pass,unmet,unmet,unmet,unknown,unknown,unknown,unknown,unknown
44,P1,Known standard gap,create-social-media-posts-per-platform,Create social media posts per platform,Content Factory — Process,5,needs-work,,,contributorComplete;articleMapped;articleCatalogGate,,articleSemanticCertification;taskExampleEvidence;recordedExecution;acceptedExecution;setupSuccess,No valid canonical article URL is mapped for this task.,pass,unmet,unmet,unmet,unknown,unknown,unknown,unknown,unknown
45,P1,Known standard gap,engage-with-social-comments,Engage with social comments,Content Factory — Promote,5,needs-work,,,contributorComplete;articleMapped;articleCatalogGate,,articleSemanticCertification;taskExampleEvidence;recordedExecution;acceptedExecution;setupSuccess,No valid canonical article URL is mapped for this task.,pass,unmet,unmet,unmet,unknown,unknown,unknown,unknown,unknown
46,P1,Known standard gap,ensure-proper-dns-records,Ensure Proper DNS Records,Digital Plumbing,5,needs-work,,,contributorComplete;articleMapped;articleCatalogGate,,articleSemanticCertification;taskExampleEvidence;recordedExecution;acceptedExecution;setupSuccess,No valid canonical article URL is mapped for this task.,pass,unmet,unmet,unmet,unknown,unknown,unknown,unknown,unknown
47,P1,Known standard gap,ensure-robots-meta-not-blocking-indexing,Ensure Robots Meta Not Blocking Indexing,Digital Plumbing,5,needs-work,,,contributorComplete;articleMapped;articleCatalogGate,,articleSemanticCertification;taskExampleEvidence;recordedExecution;acceptedExecution;setupSuccess,No valid canonical article URL is mapped for this task.,pass,unmet,unmet,unmet,unknown,unknown,unknown,unknown,unknown
48,P1,Known standard gap,extract-15-60-second-clips-from-long-form-video,Extract 15–60 second clips from long-form video,Content Factory — Process,5,needs-work,,,contributorComplete;articleMapped;articleCatalogGate,,articleSemanticCertification;taskExampleEvidence;recordedExecution;acceptedExecution;setupSuccess,No valid canonical article URL is mapped for this task.,pass,unmet,unmet,unmet,unknown,unknown,unknown,unknown,unknown
49,P1,Known standard gap,post-roundup-listicle-content,Post roundup/listicle content,Content Factory — Promote,5,needs-work,,,contributorComplete;articleMapped;articleCatalogGate,,articleSemanticCertification;taskExampleEvidence;recordedExecution;acceptedExecution;setupSuccess,No valid canonical article URL is mapped for this task.,pass,unmet,unmet,unmet,unknown,unknown,unknown,unknown,unknown
50,P1,Known standard gap,post-to-facebook-page,Post to Facebook page,Content Factory — Post,5,needs-work,,,contributorComplete;articleMapped;articleCatalogGate,,articleSemanticCertification;taskExampleEvidence;recordedExecution;acceptedExecution;setupSuccess,No valid canonical article URL is mapped for this task.,pass,unmet,unmet,unmet,unknown,unknown,unknown,unknown,unknown
51,P1,Known standard gap,run-twitter-x-promotion-for-thought-leader-threads,Run Twitter/X promotion for thought leader threads,Dollar a Day Campaigns,5,needs-work,,,contributorComplete;articleMapped;articleCatalogGate,,articleSemanticCertification;taskExampleEvidence;recordedExecution;acceptedExecution;setupSuccess,No valid canonical article URL is mapped for this task.,pass,unmet,unmet,unmet,unknown,unknown,unknown,unknown,unknown
52,P1,Known standard gap,set-wordpress-author-to-correct-person,Set WordPress author to correct person,Content Factory — Post,5,needs-work,,,contributorComplete;articleMapped;articleCatalogGate,,articleSemanticCertification;taskExampleEvidence;recordedExecution;acceptedExecution;setupSuccess,No valid canonical article URL is mapped for this task.,pass,unmet,unmet,unmet,unknown,unknown,unknown,unknown,unknown
53,P1,Known standard gap,batch-record-50-raw-clips-in-one-session,Batch record 50 raw clips in one session,Content Factory — Produce,4,needs-work,,,contributorComplete;articleMapped;articleCatalogGate,,articleSemanticCertification;taskExampleEvidence;recordedExecution;acceptedExecution;setupSuccess,No valid canonical article URL is mapped for this task.,pass,unmet,unmet,unmet,unknown,unknown,unknown,unknown,unknown
54,P1,Known standard gap,capture-client-stories-on-phone,Capture client stories on phone,Content Factory — Produce,4,needs-work,,,contributorComplete;articleMapped;articleCatalogGate,,articleSemanticCertification;taskExampleEvidence;recordedExecution;acceptedExecution;setupSuccess,No valid canonical article URL is mapped for this task.,pass,unmet,unmet,unmet,unknown,unknown,unknown,unknown,unknown
55,P1,Known standard gap,configure-spf-dkim-dmarc-for-deliverability,Configure SPF/DKIM/DMARC for Deliverability,Digital Plumbing,4,needs-work,,,contributorComplete;articleMapped;articleCatalogGate,,articleSemanticCertification;taskExampleEvidence;recordedExecution;acceptedExecution;setupSuccess,No valid canonical article URL is mapped for this task.,pass,unmet,unmet,unmet,unknown,unknown,unknown,unknown,unknown
56,P1,Known standard gap,create-quote-cards-from-strongest-statements,Create quote cards from strongest statements,Content Factory — Process,4,needs-work,,,contributorComplete;articleMapped;articleCatalogGate,,articleSemanticCertification;taskExampleEvidence;recordedExecution;acceptedExecution;setupSuccess,No valid canonical article URL is mapped for this task.,pass,unmet,unmet,unmet,unknown,unknown,unknown,unknown,unknown
57,P1,Known standard gap,create-xml-sitemap-and-reference-in-robots-txt,Create XML Sitemap and Reference in robots.txt,Digital Plumbing,4,needs-work,,,contributorComplete;articleMapped;articleCatalogGate,,articleSemanticCertification;taskExampleEvidence;recordedExecution;acceptedExecution;setupSuccess,No valid canonical article URL is mapped for this task.,pass,unmet,unmet,unmet,unknown,unknown,unknown,unknown,unknown
58,P1,Known standard gap,film-conference-presentations,Film conference presentations,Content Factory — Produce,4,needs-work,,,contributorComplete;articleMapped;articleCatalogGate,,articleSemanticCertification;taskExampleEvidence;recordedExecution;acceptedExecution;setupSuccess,No valid canonical article URL is mapped for this task.,pass,unmet,unmet,unmet,unknown,unknown,unknown,unknown,unknown
59,P1,Known standard gap,post-to-linkedin,Post to LinkedIn,Content Factory — Post,4,needs-work,,,contributorComplete;articleMapped;articleCatalogGate,,articleSemanticCertification;taskExampleEvidence;recordedExecution;acceptedExecution;setupSuccess,No valid canonical article URL is mapped for this task.,pass,unmet,unmet,unmet,unknown,unknown,unknown,unknown,unknown
60,P1,Known standard gap,set-up-professional-email-on-domain,Set Up Professional Email on Domain,Digital Plumbing,4,needs-work,,,contributorComplete;articleMapped;articleCatalogGate,,articleSemanticCertification;taskExampleEvidence;recordedExecution;acceptedExecution;setupSuccess,No valid canonical article URL is mapped for this task.,pass,unmet,unmet,unmet,unknown,unknown,unknown,unknown,unknown
61,P1,Known standard gap,upload-processed-video-to-youtube,Upload processed video to YouTube,Content Factory — Post,4,needs-work,,,contributorComplete;articleMapped;articleCatalogGate,,articleSemanticCertification;taskExampleEvidence;recordedExecution;acceptedExecution;setupSuccess,No valid canonical article URL is mapped for this task.,pass,unmet,unmet,unmet,unknown,unknown,unknown,unknown,unknown
62,P1,Known standard gap,write-email-newsletter-from-video-key-insight,Write email newsletter from video key insight,Content Factory — Process,4,needs-work,,,contributorComplete;articleMapped;articleCatalogGate,,articleSemanticCertification;taskExampleEvidence;recordedExecution;acceptedExecution;setupSuccess,No valid canonical article URL is mapped for this task.,pass,unmet,unmet,unmet,unknown,unknown,unknown,unknown,unknown
63,P1,Known standard gap,analyze-why-underperformers-fail,Analyze why underperformers fail,Strategy & Measurement,3,needs-work,,,contributorComplete;articleMapped;articleCatalogGate,,articleSemanticCertification;taskExampleEvidence;recordedExecution;acceptedExecution;setupSuccess,No valid canonical article URL is mapped for this task.,pass,unmet,unmet,unmet,unknown,unknown,unknown,unknown,unknown
64,P1,Known standard gap,film-casual-team-conversations,Film casual team conversations,Content Factory — Produce,3,needs-work,,,contributorComplete;articleMapped;articleCatalogGate,,articleSemanticCertification;taskExampleEvidence;recordedExecution;acceptedExecution;setupSuccess,No valid canonical article URL is mapped for this task.,pass,unmet,unmet,unmet,unknown,unknown,unknown,unknown,unknown
65,P1,Known standard gap,get-mentioned-in-publications,Get mentioned in publications,Personal Branding,3,needs-work,,,contributorComplete;articleMapped;articleCatalogGate,,articleSemanticCertification;taskExampleEvidence;recordedExecution;acceptedExecution;setupSuccess,No valid canonical article URL is mapped for this task.,pass,unmet,unmet,unmet,unknown,unknown,unknown,unknown,unknown
66,P1,Known standard gap,google-ads-analyzer,Google Ads Analyzer — MAA Framework for Local Service Businesses,Strategy & Measurement,3,complete,,,instructionRevisionReviewed;articleMapped;articleCatalogGate,,articleSemanticCertification;taskExampleEvidence;recordedExecution;acceptedExecution;setupSuccess,No exact-byte instruction review is recorded for this task.,unmet,pass,unmet,unmet,unknown,unknown,unknown,unknown,unknown
67,P1,Known standard gap,measure-content-rankings-traffic-revenue,Measure content → rankings → traffic → revenue,Strategy & Measurement,3,needs-work,,,contributorComplete;articleMapped;articleCatalogGate,,articleSemanticCertification;taskExampleEvidence;recordedExecution;acceptedExecution;setupSuccess,No valid canonical article URL is mapped for this task.,pass,unmet,unmet,unmet,unknown,unknown,unknown,unknown,unknown
68,P1,Known standard gap,record-screen-shares-of-real-audits,Record screen shares of real audits,Content Factory — Produce,3,needs-work,,,contributorComplete;articleMapped;articleCatalogGate,,articleSemanticCertification;taskExampleEvidence;recordedExecution;acceptedExecution;setupSuccess,No valid canonical article URL is mapped for this task.,pass,unmet,unmet,unmet,unknown,unknown,unknown,unknown,unknown
69,P1,Known standard gap,set-up-consistent-headshots-and-bios-across-profiles,Set Up Consistent Headshots and Bios Across Profiles,Digital Plumbing,3,needs-work,,,contributorComplete;articleMapped;articleCatalogGate,,articleSemanticCertification;taskExampleEvidence;recordedExecution;acceptedExecution;setupSuccess,No valid canonical article URL is mapped for this task.,pass,unmet,unmet,unmet,unknown,unknown,unknown,unknown,unknown
70,P1,Known standard gap,show-whats-working-and-what-isnt,Show what's working and what isn't,Strategy & Measurement,3,needs-work,,,contributorComplete;articleMapped;articleCatalogGate,,articleSemanticCertification;taskExampleEvidence;recordedExecution;acceptedExecution;setupSuccess,No valid canonical article URL is mapped for this task.,pass,unmet,unmet,unmet,unknown,unknown,unknown,unknown,unknown
71,P1,Known standard gap,set-favicon,Set Favicon,Digital Plumbing,2,needs-work,,,contributorComplete;articleMapped;articleCatalogGate,,articleSemanticCertification;taskExampleEvidence;recordedExecution;acceptedExecution;setupSuccess,No valid canonical article URL is mapped for this task.,pass,unmet,unmet,unmet,unknown,unknown,unknown,unknown,unknown
72,P1,Known standard gap,boost-one-minute-videos-for-personal-branding,Boost one-minute videos for personal branding,Dollar a Day Campaigns,5,needs-work,https://blitzmetrics.com/dad,https://local-service-spotlight.github.io/task-library/?task=boost-one-minute-videos-for-personal-branding#task-boost-one-minute-videos-for-personal-branding,contributorComplete;articleCatalogGate,,articleSemanticCertification;taskExampleEvidence;recordedExecution;acceptedExecution;setupSuccess,The contributor status is needs-work; finish and review the guide.,pass,unmet,pass,unmet,unknown,unknown,unknown,unknown,unknown
73,P1,Known standard gap,claim-and-brand-facebook-page,Claim and Brand Facebook Page,Digital Plumbing,5,needs-work,https://blitzmetrics.com/digital-plumbing,https://local-service-spotlight.github.io/task-library/?task=claim-and-brand-facebook-page#task-claim-and-brand-facebook-page,contributorComplete;articleCatalogGate,,articleSemanticCertification;taskExampleEvidence;recordedExecution;acceptedExecution;setupSuccess,The contributor status is needs-work; finish and review the guide.,pass,unmet,pass,unmet,unknown,unknown,unknown,unknown,unknown
74,P1,Known standard gap,configure-https-with-no-mixed-content,Configure HTTPS With No Mixed Content,Digital Plumbing,5,needs-work,https://blitzmetrics.com/digital-plumbing,https://local-service-spotlight.github.io/task-library/?task=configure-https-with-no-mixed-content#task-configure-https-with-no-mixed-content,contributorComplete;articleCatalogGate,,articleSemanticCertification;taskExampleEvidence;recordedExecution;acceptedExecution;setupSuccess,The contributor status is needs-work; finish and review the guide.,pass,unmet,pass,unmet,unknown,unknown,unknown,unknown,unknown
75,P1,Known standard gap,create-clear-conversion-path,Create Clear Conversion Path,Digital Plumbing,5,needs-work,https://blitzmetrics.com/digital-plumbing,https://local-service-spotlight.github.io/task-library/?task=create-clear-conversion-path#task-create-clear-conversion-path,contributorComplete;articleCatalogGate,,articleSemanticCertification;taskExampleEvidence;recordedExecution;acceptedExecution;setupSuccess,The contributor status is needs-work; finish and review the guide.,pass,unmet,pass,unmet,unknown,unknown,unknown,unknown,unknown
76,P1,Known standard gap,create-dollar-a-day-ad-creatives-from-best-content,Create Dollar a Day ad creatives from best content,Personal Branding,5,needs-work,https://blitzmetrics.com/personal-brand,https://local-service-spotlight.github.io/task-library/?task=create-dollar-a-day-ad-creatives-from-best-content#task-create-dollar-a-day-ad-creatives-from-best-content,contributorComplete;articleCatalogGate,,articleSemanticCertification;taskExampleEvidence;recordedExecution;acceptedExecution;setupSuccess,The contributor status is needs-work; finish and review the guide.,pass,unmet,pass,unmet,unknown,unknown,unknown,unknown,unknown
77,P1,Known standard gap,create-facebook-instagram-campaigns-with-location-targeting,Create Facebook/Instagram campaigns with location targeting,Dollar a Day Campaigns,5,needs-work,https://blitzmetrics.com/dad,https://local-service-spotlight.github.io/task-library/?task=create-facebook-instagram-campaigns-with-location-targeting#task-create-facebook-instagram-campaigns-with-location-targeting,contributorComplete;articleCatalogGate,,articleSemanticCertification;taskExampleEvidence;recordedExecution;acceptedExecution;setupSuccess,The contributor status is needs-work; finish and review the guide.,pass,unmet,pass,unmet,unknown,unknown,unknown,unknown,unknown
78,P1,Known standard gap,create-new-saved-audiences-from-audience-insights,Create new saved audiences from Audience Insights,Content Factory — Promote,5,needs-work,https://blitzmetrics.com/social-amplification,https://local-service-spotlight.github.io/task-library/?task=create-new-saved-audiences-from-audience-insights#task-create-new-saved-audiences-from-audience-insights,contributorComplete;articleCatalogGate,,articleSemanticCertification;taskExampleEvidence;recordedExecution;acceptedExecution;setupSuccess,The contributor status is needs-work; finish and review the guide.,pass,unmet,pass,unmet,unknown,unknown,unknown,unknown,unknown
79,P1,Known standard gap,ensure-working-contact-form-delivers-notifications,Ensure Working Contact Form Delivers Notifications,Digital Plumbing,5,needs-work,https://blitzmetrics.com/digital-plumbing,https://local-service-spotlight.github.io/task-library/?task=ensure-working-contact-form-delivers-notifications#task-ensure-working-contact-form-delivers-notifications,contributorComplete;articleCatalogGate,,articleSemanticCertification;taskExampleEvidence;recordedExecution;acceptedExecution;setupSuccess,The contributor status is needs-work; finish and review the guide.,pass,unmet,pass,unmet,unknown,unknown,unknown,unknown,unknown
80,P1,Known standard gap,execute-switch-boost-to-target-new-audiences,Execute switch boost to target new audiences,Content Factory — Promote,5,needs-work,https://blitzmetrics.com/dad,https://local-service-spotlight.github.io/task-library/?task=execute-switch-boost-to-target-new-audiences#task-execute-switch-boost-to-target-new-audiences,contributorComplete;articleCatalogGate,,articleSemanticCertification;taskExampleEvidence;recordedExecution;acceptedExecution;setupSuccess,The contributor status is needs-work; finish and review the guide.,pass,unmet,pass,unmet,unknown,unknown,unknown,unknown,unknown
81,P1,Known standard gap,execute-switch-boosts-to-new-audiences,Execute switch boosts to new audiences,Dollar a Day Campaigns,5,needs-work,https://blitzmetrics.com/dad,https://local-service-spotlight.github.io/task-library/?task=execute-switch-boosts-to-new-audiences#task-execute-switch-boosts-to-new-audiences,contributorComplete;articleCatalogGate,,articleSemanticCertification;taskExampleEvidence;recordedExecution;acceptedExecution;setupSuccess,The contributor status is needs-work; finish and review the guide.,pass,unmet,pass,unmet,unknown,unknown,unknown,unknown,unknown
82,P1,Known standard gap,register-personal-name-domain,Register personal name domain,Personal Branding,5,needs-work,https://blitzmetrics.com/personal-brand,https://local-service-spotlight.github.io/task-library/?task=register-personal-name-domain#task-register-personal-name-domain,contributorComplete;articleCatalogGate,,articleSemanticCertification;taskExampleEvidence;recordedExecution;acceptedExecution;setupSuccess,The contributor status is needs-work; finish and review the guide.,pass,unmet,pass,unmet,unknown,unknown,unknown,unknown,unknown
83,P1,Known standard gap,review-budget-allocation-by-channel,Review budget allocation by channel,Content Factory — Promote,5,needs-work,https://blitzmetrics.com/social-amplification,https://local-service-spotlight.github.io/task-library/?task=review-budget-allocation-by-channel#task-review-budget-allocation-by-channel,contributorComplete;articleCatalogGate,,articleSemanticCertification;taskExampleEvidence;recordedExecution;acceptedExecution;setupSuccess,The contributor status is needs-work; finish and review the guide.,pass,unmet,pass,unmet,unknown,unknown,unknown,unknown,unknown
84,P1,Known standard gap,sequence-content-cold-warm-conversion,Sequence content: cold → warm → conversion,Content Factory — Promote,5,needs-work,https://blitzmetrics.com/dad,https://local-service-spotlight.github.io/task-library/?task=sequence-content-cold-warm-conversion#task-sequence-content-cold-warm-conversion,contributorComplete;articleCatalogGate,,articleSemanticCertification;taskExampleEvidence;recordedExecution;acceptedExecution;setupSuccess,The contributor status is needs-work; finish and review the guide.,pass,unmet,pass,unmet,unknown,unknown,unknown,unknown,unknown
85,P1,Known standard gap,sequence-content-from-awareness-to-conversion,Sequence content from awareness to conversion,Dollar a Day Campaigns,5,needs-work,https://blitzmetrics.com/dad,https://local-service-spotlight.github.io/task-library/?task=sequence-content-from-awareness-to-conversion#task-sequence-content-from-awareness-to-conversion,contributorComplete;articleCatalogGate,,articleSemanticCertification;taskExampleEvidence;recordedExecution;acceptedExecution;setupSuccess,The contributor status is needs-work; finish and review the guide.,pass,unmet,pass,unmet,unknown,unknown,unknown,unknown,unknown
86,P1,Known standard gap,set-up-call-tracking-for-phone-conversions,Set Up Call Tracking for Phone Conversions,Digital Plumbing,5,needs-work,https://blitzmetrics.com/digital-plumbing,https://local-service-spotlight.github.io/task-library/?task=set-up-call-tracking-for-phone-conversions#task-set-up-call-tracking-for-phone-conversions,contributorComplete;articleCatalogGate,,articleSemanticCertification;taskExampleEvidence;recordedExecution;acceptedExecution;setupSuccess,The contributor status is needs-work; finish and review the guide.,pass,unmet,pass,unmet,unknown,unknown,unknown,unknown,unknown
87,P1,Known standard gap,set-up-content-library,Set up Content Library,Content Factory — Produce,5,needs-work,https://blitzmetrics.com/social-amplification,https://local-service-spotlight.github.io/task-library/?task=set-up-content-library#task-set-up-content-library,contributorComplete;articleCatalogGate,,articleSemanticCertification;taskExampleEvidence;recordedExecution;acceptedExecution;setupSuccess,The contributor status is needs-work; finish and review the guide.,pass,unmet,pass,unmet,unknown,unknown,unknown,unknown,unknown
88,P1,Known standard gap,set-up-meta-business-manager-and-public-figure-pages,Set up Meta Business Manager and Public Figure pages,Dollar a Day Campaigns,5,needs-work,https://blitzmetrics.com/dad,https://local-service-spotlight.github.io/task-library/?task=set-up-meta-business-manager-and-public-figure-pages#task-set-up-meta-business-manager-and-public-figure-pages,contributorComplete;articleCatalogGate,,articleSemanticCertification;taskExampleEvidence;recordedExecution;acceptedExecution;setupSuccess,The contributor status is needs-work; finish and review the guide.,pass,unmet,pass,unmet,unknown,unknown,unknown,unknown,unknown
89,P1,Known standard gap,set-up-remarketing-ads-for-landing-page-abandoners,Set up remarketing ads for landing page abandoners,Content Factory — Promote,5,needs-work,https://blitzmetrics.com/social-amplification,https://local-service-spotlight.github.io/task-library/?task=set-up-remarketing-ads-for-landing-page-abandoners#task-set-up-remarketing-ads-for-landing-page-abandoners,contributorComplete;articleCatalogGate,,articleSemanticCertification;taskExampleEvidence;recordedExecution;acceptedExecution;setupSuccess,The contributor status is needs-work; finish and review the guide.,pass,unmet,pass,unmet,unknown,unknown,unknown,unknown,unknown
90,P1,Known standard gap,use-dollar-a-day-to-influence-media-coverage,Use Dollar a Day to influence media coverage,Dollar a Day Campaigns,5,needs-work,https://blitzmetrics.com/dad,https://local-service-spotlight.github.io/task-library/?task=use-dollar-a-day-to-influence-media-coverage#task-use-dollar-a-day-to-influence-media-coverage,contributorComplete;articleCatalogGate,,articleSemanticCertification;taskExampleEvidence;recordedExecution;acceptedExecution;setupSuccess,The contributor status is needs-work; finish and review the guide.,pass,unmet,pass,unmet,unknown,unknown,unknown,unknown,unknown
91,P1,Known standard gap,verify-domain-ownership-and-registrar-access,Verify Domain Ownership and Registrar Access,Digital Plumbing,5,needs-work,https://blitzmetrics.com/digital-plumbing,https://local-service-spotlight.github.io/task-library/?task=verify-domain-ownership-and-registrar-access#task-verify-domain-ownership-and-registrar-access,contributorComplete;articleCatalogGate,,articleSemanticCertification;taskExampleEvidence;recordedExecution;acceptedExecution;setupSuccess,The contributor status is needs-work; finish and review the guide.,pass,unmet,pass,unmet,unknown,unknown,unknown,unknown,unknown
92,P1,Known standard gap,verify-google-search-console-and-connect-to-ga4,Verify Google Search Console and Connect to GA4,Digital Plumbing,5,needs-work,https://blitzmetrics.com/digital-plumbing,https://local-service-spotlight.github.io/task-library/?task=verify-google-search-console-and-connect-to-ga4#task-verify-google-search-console-and-connect-to-ga4,contributorComplete;articleCatalogGate,,articleSemanticCertification;taskExampleEvidence;recordedExecution;acceptedExecution;setupSuccess,The contributor status is needs-work; finish and review the guide.,pass,unmet,pass,unmet,unknown,unknown,unknown,unknown,unknown
93,P1,Known standard gap,create-linkedin-page-matching-business-entity,Create LinkedIn Page Matching Business Entity,Digital Plumbing,4,needs-work,https://blitzmetrics.com/digital-plumbing,https://local-service-spotlight.github.io/task-library/?task=create-linkedin-page-matching-business-entity#task-create-linkedin-page-matching-business-entity,contributorComplete;articleCatalogGate,,articleSemanticCertification;taskExampleEvidence;recordedExecution;acceptedExecution;setupSuccess,The contributor status is needs-work; finish and review the guide.,pass,unmet,pass,unmet,unknown,unknown,unknown,unknown,unknown
94,P1,Known standard gap,create-or-update-a-definitive-article,Create or update a definitive task article,Content Factory — Process,4,needs-work,https://blitzmetrics.com/definitive-article-guide/,https://local-service-spotlight.github.io/task-library/?task=create-or-update-a-definitive-article#task-create-or-update-a-definitive-article,contributorComplete;articleCatalogGate,,articleSemanticCertification;taskExampleEvidence;acceptedExecution;setupSuccess,The contributor status is needs-work; finish and review the guide.,pass,unmet,pass,unmet,unknown,unknown,pass,unknown,unknown
95,P1,Known standard gap,create-youtube-campaigns-using-aducate-model,Create YouTube campaigns using ADUCATE model,Dollar a Day Campaigns,4,needs-work,https://blitzmetrics.com/dad,https://local-service-spotlight.github.io/task-library/?task=create-youtube-campaigns-using-aducate-model#task-create-youtube-campaigns-using-aducate-model,contributorComplete;articleCatalogGate,,articleSemanticCertification;taskExampleEvidence;recordedExecution;acceptedExecution;setupSuccess,The contributor status is needs-work; finish and review the guide.,pass,unmet,pass,unmet,unknown,unknown,unknown,unknown,unknown
96,P1,Known standard gap,enable-youtube-captions-by-default,Enable YouTube captions by default,Content Factory — Post,4,needs-work,https://blitzmetrics.com/youtube-captions-on-by-default/,https://local-service-spotlight.github.io/task-library/?task=enable-youtube-captions-by-default#task-enable-youtube-captions-by-default,contributorComplete;articleCatalogGate,,articleSemanticCertification;taskExampleEvidence;recordedExecution;acceptedExecution;setupSuccess,The contributor status is needs-work; finish and review the guide.,pass,unmet,pass,unmet,unknown,unknown,unknown,unknown,unknown
97,P1,Known standard gap,maintain-canonical-honor-and-story-leaves,Maintain a canonical honor and story leaves,Content Factory — Process,4,needs-work,https://blitzmetrics.com/one-canonical-honor/,https://local-service-spotlight.github.io/task-library/?task=maintain-canonical-honor-and-story-leaves#task-maintain-canonical-honor-and-story-leaves,contributorComplete;articleCatalogGate,,articleSemanticCertification;taskExampleEvidence;recordedExecution;acceptedExecution;setupSuccess,The contributor status is needs-work; finish and review the guide.,pass,unmet,pass,unmet,unknown,unknown,unknown,unknown,unknown
98,P1,Known standard gap,set-up-tiktok-campaigns,Set up TikTok campaigns,Dollar a Day Campaigns,4,needs-work,https://blitzmetrics.com/dad,https://local-service-spotlight.github.io/task-library/?task=set-up-tiktok-campaigns#task-set-up-tiktok-campaigns,contributorComplete;articleCatalogGate,,articleSemanticCertification;taskExampleEvidence;recordedExecution;acceptedExecution;setupSuccess,The contributor status is needs-work; finish and review the guide.,pass,unmet,pass,unmet,unknown,unknown,unknown,unknown,unknown
99,P1,Known standard gap,set-up-youtube-channel-with-proper-branding,Set Up YouTube Channel With Proper Branding,Digital Plumbing,4,needs-work,https://blitzmetrics.com/digital-plumbing,https://local-service-spotlight.github.io/task-library/?task=set-up-youtube-channel-with-proper-branding#task-set-up-youtube-channel-with-proper-branding,contributorComplete;articleCatalogGate,,articleSemanticCertification;taskExampleEvidence;recordedExecution;acceptedExecution;setupSuccess,The contributor status is needs-work; finish and review the guide.,pass,unmet,pass,unmet,unknown,unknown,unknown,unknown,unknown
100,P1,Known standard gap,submit-weekly-maa-report-every-friday,Submit weekly MAA report every Friday,Strategy & Measurement,4,needs-work,https://blitzmetrics.com/how-to-write-weekly-maa-reports-for-local-service-businesses/,https://local-service-spotlight.github.io/task-library/?task=submit-weekly-maa-report-every-friday#task-submit-weekly-maa-report-every-friday,contributorComplete;articleCatalogGate,,articleSemanticCertification;taskExampleEvidence;recordedExecution;acceptedExecution;setupSuccess,The contributor status is needs-work; finish and review the guide.,pass,unmet,pass,unmet,unknown,unknown,unknown,unknown,unknown
101,P1,Known standard gap,access-content-factory-source-assets,Access Content Factory source assets,Content Factory — Produce,3,needs-work,https://blitzmetrics.com/access-content-factory-photos-videos/,https://local-service-spotlight.github.io/task-library/?task=access-content-factory-source-assets#task-access-content-factory-source-assets,contributorComplete;articleCatalogGate,,articleSemanticCertification;taskExampleEvidence;recordedExecution;acceptedExecution;setupSuccess,The contributor status is needs-work; finish and review the guide.,pass,unmet,pass,unmet,unknown,unknown,unknown,unknown,unknown
102,P1,Known standard gap,add-click-to-call-links-for-mobile,Add Click-to-Call Links for Mobile,Digital Plumbing,3,needs-work,https://blitzmetrics.com/digital-plumbing,https://local-service-spotlight.github.io/task-library/?task=add-click-to-call-links-for-mobile#task-add-click-to-call-links-for-mobile,contributorComplete;articleCatalogGate,,articleSemanticCertification;taskExampleEvidence;recordedExecution;acceptedExecution;setupSuccess,The contributor status is needs-work; finish and review the guide.,pass,unmet,pass,unmet,unknown,unknown,unknown,unknown,unknown
103,P1,Known standard gap,add-consistent-headshots-and-bios-across-profiles,Add consistent headshots and bios across profiles,Personal Branding,3,needs-work,https://blitzmetrics.com/personal-brand,https://local-service-spotlight.github.io/task-library/?task=add-consistent-headshots-and-bios-across-profiles#task-add-consistent-headshots-and-bios-across-profiles,contributorComplete;articleCatalogGate,,articleSemanticCertification;taskExampleEvidence;recordedExecution;acceptedExecution;setupSuccess,The contributor status is needs-work; finish and review the guide.,pass,unmet,pass,unmet,unknown,unknown,unknown,unknown,unknown
104,P1,Known standard gap,add-homepage-blog-card-thumbnails,Add homepage blog-card thumbnails,Website QA Audit,3,needs-work,https://blitzmetrics.com/blog-card-thumbnails-standard/,https://local-service-spotlight.github.io/task-library/?task=add-homepage-blog-card-thumbnails#task-add-homepage-blog-card-thumbnails,contributorComplete;articleCatalogGate,,articleSemanticCertification;taskExampleEvidence;recordedExecution;acceptedExecution;setupSuccess,The contributor status is needs-work; finish and review the guide.,pass,unmet,pass,unmet,unknown,unknown,unknown,unknown,unknown
105,P1,Known standard gap,add-schema-markup-person-localbusiness,Add Schema Markup (Person/LocalBusiness),Digital Plumbing,3,needs-work,https://blitzmetrics.com/digital-plumbing,https://local-service-spotlight.github.io/task-library/?task=add-schema-markup-person-localbusiness#task-add-schema-markup-person-localbusiness,contributorComplete;articleCatalogGate,,articleSemanticCertification;taskExampleEvidence;recordedExecution;acceptedExecution;setupSuccess,The contributor status is needs-work; finish and review the guide.,pass,unmet,pass,unmet,unknown,unknown,unknown,unknown,unknown
106,P1,Known standard gap,audit-local-service-website,Audit a local-service website,Website QA Audit,3,needs-work,https://blitzmetrics.com/website-audit-checklist/,https://local-service-spotlight.github.io/task-library/?task=audit-local-service-website#task-audit-local-service-website,contributorComplete;articleCatalogGate,,articleSemanticCertification;taskExampleEvidence;recordedExecution;acceptedExecution;setupSuccess,The contributor status is needs-work; finish and review the guide.,pass,unmet,pass,unmet,unknown,unknown,unknown,unknown,unknown
107,P1,Known standard gap,build-agency-website-for-vertical,Build an agency website for a vertical,Digital Plumbing,3,needs-work,https://blitzmetrics.com/agency-site-playbook/,https://local-service-spotlight.github.io/task-library/?task=build-agency-website-for-vertical#task-build-agency-website-for-vertical,contributorComplete;articleCatalogGate,,articleSemanticCertification;taskExampleEvidence;recordedExecution;acceptedExecution;setupSuccess,The contributor status is needs-work; finish and review the guide.,pass,unmet,pass,unmet,unknown,unknown,unknown,unknown,unknown
108,P1,Known standard gap,build-external-backlinks-from-authoritative-sources,Build external backlinks from authoritative sources,SEO & Content Architecture,3,needs-work,https://blitzmetrics.com/link-building,https://local-service-spotlight.github.io/task-library/?task=build-external-backlinks-from-authoritative-sources#task-build-external-backlinks-from-authoritative-sources,contributorComplete;articleCatalogGate,,articleSemanticCertification;taskExampleEvidence;recordedExecution;acceptedExecution;setupSuccess,The contributor status is needs-work; finish and review the guide.,pass,unmet,pass,unmet,unknown,unknown,unknown,unknown,unknown
109,P1,Known standard gap,build-money-tree-site-diagram,Build a Money Tree site diagram,SEO & Content Architecture,3,needs-work,https://blitzmetrics.com/money-tree/,https://local-service-spotlight.github.io/task-library/?task=build-money-tree-site-diagram#task-build-money-tree-site-diagram,contributorComplete;articleCatalogGate,,articleSemanticCertification;taskExampleEvidence;recordedExecution;acceptedExecution;setupSuccess,The contributor status is needs-work; finish and review the guide.,pass,unmet,pass,unmet,unknown,unknown,unknown,unknown,unknown
110,P1,Known standard gap,build-personal-brand-website,Build personal brand website,Personal Branding,3,needs-work,https://blitzmetrics.com/personal-brand,https://local-service-spotlight.github.io/task-library/?task=build-personal-brand-website#task-build-personal-brand-website,contributorComplete;articleCatalogGate,,articleSemanticCertification;taskExampleEvidence;recordedExecution;acceptedExecution;setupSuccess,The contributor status is needs-work; finish and review the guide.,pass,unmet,pass,unmet,unknown,unknown,unknown,unknown,unknown
111,P1,Known standard gap,build-third-party-validation,Build third-party validation,Personal Branding,3,needs-work,https://blitzmetrics.com/knowledge-panel,https://local-service-spotlight.github.io/task-library/?task=build-third-party-validation#task-build-third-party-validation,contributorComplete;articleCatalogGate,,articleSemanticCertification;taskExampleEvidence;recordedExecution;acceptedExecution;setupSuccess,The contributor status is needs-work; finish and review the guide.,pass,unmet,pass,unmet,unknown,unknown,unknown,unknown,unknown
112,P1,Known standard gap,check-all-cta-buttons-lead-to-correct-destinations,Check all CTA buttons lead to correct destinations,Website QA Audit,3,needs-work,https://blitzmetrics.com/website-qa-audit,https://local-service-spotlight.github.io/task-library/?task=check-all-cta-buttons-lead-to-correct-destinations#task-check-all-cta-buttons-lead-to-correct-destinations,contributorComplete;articleCatalogGate,,articleSemanticCertification;taskExampleEvidence;recordedExecution;acceptedExecution;setupSuccess,The contributor status is needs-work; finish and review the guide.,pass,unmet,pass,unmet,unknown,unknown,unknown,unknown,unknown
113,P1,Known standard gap,claim-and-verify-knowledge-panel-when-it-appears,Claim and verify Knowledge Panel when it appears,Personal Branding,3,needs-work,https://blitzmetrics.com/knowledge-panel,https://local-service-spotlight.github.io/task-library/?task=claim-and-verify-knowledge-panel-when-it-appears#task-claim-and-verify-knowledge-panel-when-it-appears,contributorComplete;articleCatalogGate,,articleSemanticCertification;taskExampleEvidence;recordedExecution;acceptedExecution;setupSuccess,The contributor status is needs-work; finish and review the guide.,pass,unmet,pass,unmet,unknown,unknown,unknown,unknown,unknown
114,P1,Known standard gap,classify-and-offer-knowledge-panel,Classify and offer Knowledge Panel,Personal Branding,3,needs-work,https://blitzmetrics.com/knowledge-panel,https://local-service-spotlight.github.io/task-library/?task=classify-and-offer-knowledge-panel#task-classify-and-offer-knowledge-panel,contributorComplete;articleCatalogGate,,articleSemanticCertification;taskExampleEvidence;recordedExecution;acceptedExecution;setupSuccess,The contributor status is needs-work; finish and review the guide.,pass,unmet,pass,unmet,unknown,unknown,unknown,unknown,unknown
115,P1,Known standard gap,close-ended-relationship-endorsement-links,Close endorsement links for an ended relationship,SEO & Content Architecture,3,needs-work,https://blitzmetrics.com/when-trust-ends-the-link-ends/,https://local-service-spotlight.github.io/task-library/?task=close-ended-relationship-endorsement-links#task-close-ended-relationship-endorsement-links,contributorComplete;articleCatalogGate,,articleSemanticCertification;taskExampleEvidence;recordedExecution;acceptedExecution;setupSuccess,The contributor status is needs-work; finish and review the guide.,pass,unmet,pass,unmet,unknown,unknown,unknown,unknown,unknown
116,P1,Known standard gap,collect-verified-weekly-measurements,Collect verified weekly measurements,Strategy & Measurement,3,needs-work,https://localservicespotlight.com/skills-measurement-analytics/,https://local-service-spotlight.github.io/task-library/?task=collect-verified-weekly-measurements#task-collect-verified-weekly-measurements,contributorComplete;articleCatalogGate,,articleSemanticCertification;taskExampleEvidence;recordedExecution;acceptedExecution;setupSuccess,The contributor status is needs-work; finish and review the guide.,pass,unmet,pass,unmet,unknown,unknown,unknown,unknown,unknown
117,P1,Known standard gap,convert-instagram-to-professional-account,Convert Instagram to Professional Account,Digital Plumbing,3,needs-work,https://blitzmetrics.com/digital-plumbing,https://local-service-spotlight.github.io/task-library/?task=convert-instagram-to-professional-account#task-convert-instagram-to-professional-account,contributorComplete;articleCatalogGate,,articleSemanticCertification;taskExampleEvidence;recordedExecution;acceptedExecution;setupSuccess,The contributor status is needs-work; finish and review the guide.,pass,unmet,pass,unmet,unknown,unknown,unknown,unknown,unknown
118,P1,Known standard gap,create-collaborative-content-with-industry-peers,Create collaborative content with industry peers,Personal Branding,3,needs-work,https://blitzmetrics.com/personal-brand,https://local-service-spotlight.github.io/task-library/?task=create-collaborative-content-with-industry-peers#task-create-collaborative-content-with-industry-peers,contributorComplete;articleCatalogGate,,articleSemanticCertification;taskExampleEvidence;recordedExecution;acceptedExecution;setupSuccess,The contributor status is needs-work; finish and review the guide.,pass,unmet,pass,unmet,unknown,unknown,unknown,unknown,unknown
119,P1,Known standard gap,create-social-content-from-video-clips,Create social content from video clips,Personal Branding,3,needs-work,https://blitzmetrics.com/personal-brand,https://local-service-spotlight.github.io/task-library/?task=create-social-content-from-video-clips#task-create-social-content-from-video-clips,contributorComplete;articleCatalogGate,,articleSemanticCertification;taskExampleEvidence;recordedExecution;acceptedExecution;setupSuccess,The contributor status is needs-work; finish and review the guide.,pass,unmet,pass,unmet,unknown,unknown,unknown,unknown,unknown
120,P1,Known standard gap,deliver-personal-brand-site-from-request,Deliver a personal-brand site from a request,Personal Branding,3,needs-work,https://blitzmetrics.com/from-one-email-to-a-live-personal-brand-site/,https://local-service-spotlight.github.io/task-library/?task=deliver-personal-brand-site-from-request#task-deliver-personal-brand-site-from-request,contributorComplete;articleCatalogGate,,articleSemanticCertification;taskExampleEvidence;recordedExecution;acceptedExecution;setupSuccess,The contributor status is needs-work; finish and review the guide.,pass,unmet,pass,unmet,unknown,unknown,unknown,unknown,unknown
121,P1,Known standard gap,ensure-site-loads-under-3-seconds-on-mobile,Ensure Site Loads Under 3 Seconds on Mobile,Digital Plumbing,3,needs-work,https://blitzmetrics.com/digital-plumbing,https://local-service-spotlight.github.io/task-library/?task=ensure-site-loads-under-3-seconds-on-mobile#task-ensure-site-loads-under-3-seconds-on-mobile,contributorComplete;articleCatalogGate,,articleSemanticCertification;taskExampleEvidence;recordedExecution;acceptedExecution;setupSuccess,The contributor status is needs-work; finish and review the guide.,pass,unmet,pass,unmet,unknown,unknown,unknown,unknown,unknown
122,P1,Known standard gap,establish-entity-identity,Establish entity identity,Personal Branding,3,needs-work,https://blitzmetrics.com/knowledge-panel,https://local-service-spotlight.github.io/task-library/?task=establish-entity-identity#task-establish-entity-identity,contributorComplete;articleCatalogGate,,articleSemanticCertification;taskExampleEvidence;recordedExecution;acceptedExecution;setupSuccess,The contributor status is needs-work; finish and review the guide.,pass,unmet,pass,unmet,unknown,unknown,unknown,unknown,unknown
123,P1,Known standard gap,generate-backlinks-and-entity-mentions,Generate backlinks and entity mentions,Personal Branding,3,needs-work,https://blitzmetrics.com/personal-brand,https://local-service-spotlight.github.io/task-library/?task=generate-backlinks-and-entity-mentions#task-generate-backlinks-and-entity-mentions,contributorComplete;articleCatalogGate,,articleSemanticCertification;taskExampleEvidence;recordedExecution;acceptedExecution;setupSuccess,The contributor status is needs-work; finish and review the guide.,pass,unmet,pass,unmet,unknown,unknown,unknown,unknown,unknown
124,P1,Known standard gap,get-featured-on-podcasts,Get featured on podcasts,Personal Branding,3,needs-work,https://blitzmetrics.com/personal-brand,https://local-service-spotlight.github.io/task-library/?task=get-featured-on-podcasts#task-get-featured-on-podcasts,contributorComplete;articleCatalogGate,,articleSemanticCertification;taskExampleEvidence;recordedExecution;acceptedExecution;setupSuccess,The contributor status is needs-work; finish and review the guide.,pass,unmet,pass,unmet,unknown,unknown,unknown,unknown,unknown
125,P1,Known standard gap,identify-and-eliminate-orphan-standalone-articles,Identify and eliminate orphan/standalone articles,SEO & Content Architecture,3,needs-work,https://blitzmetrics.com/seo-tree,https://local-service-spotlight.github.io/task-library/?task=identify-and-eliminate-orphan-standalone-articles#task-identify-and-eliminate-orphan-standalone-articles,contributorComplete;articleCatalogGate,,articleSemanticCertification;taskExampleEvidence;recordedExecution;acceptedExecution;setupSuccess,The contributor status is needs-work; finish and review the guide.,pass,unmet,pass,unmet,unknown,unknown,unknown,unknown,unknown
126,P1,Known standard gap,implement-person-schema-with-sameas-links,Implement Person schema with sameAs links,Personal Branding,3,needs-work,https://blitzmetrics.com/personal-brand,https://local-service-spotlight.github.io/task-library/?task=implement-person-schema-with-sameas-links#task-implement-person-schema-with-sameas-links,contributorComplete;articleCatalogGate,,articleSemanticCertification;taskExampleEvidence;recordedExecution;acceptedExecution;setupSuccess,The contributor status is needs-work; finish and review the guide.,pass,unmet,pass,unmet,unknown,unknown,unknown,unknown,unknown
127,P1,Known standard gap,implement-technical-schema-markup,Implement technical schema markup,Personal Branding,3,needs-work,https://blitzmetrics.com/knowledge-panel,https://local-service-spotlight.github.io/task-library/?task=implement-technical-schema-markup#task-implement-technical-schema-markup,contributorComplete;articleCatalogGate,,articleSemanticCertification;taskExampleEvidence;recordedExecution;acceptedExecution;setupSuccess,The contributor status is needs-work; finish and review the guide.,pass,unmet,pass,unmet,unknown,unknown,unknown,unknown,unknown
128,P1,Known standard gap,link-all-content-back-to-personal-brand-site,Link all content back to personal brand site,Personal Branding,3,needs-work,https://blitzmetrics.com/personal-brand,https://local-service-spotlight.github.io/task-library/?task=link-all-content-back-to-personal-brand-site#task-link-all-content-back-to-personal-brand-site,contributorComplete;articleCatalogGate,,articleSemanticCertification;taskExampleEvidence;recordedExecution;acceptedExecution;setupSuccess,The contributor status is needs-work; finish and review the guide.,pass,unmet,pass,unmet,unknown,unknown,unknown,unknown,unknown
129,P1,Known standard gap,manage-group-member-website-request,Manage a group member website request,Personal Branding,3,needs-work,https://blitzmetrics.com/group-website-request-intake/,https://local-service-spotlight.github.io/task-library/?task=manage-group-member-website-request#task-manage-group-member-website-request,contributorComplete;articleCatalogGate,,articleSemanticCertification;taskExampleEvidence;recordedExecution;acceptedExecution;setupSuccess,The contributor status is needs-work; finish and review the guide.,pass,unmet,pass,unmet,unknown,unknown,unknown,unknown,unknown
130,P1,Known standard gap,measure-ai-citations-for-brand,Measure AI citations for a brand,Strategy & Measurement,3,needs-work,https://blitzmetrics.com/how-to-track-if-ai-cites-you/,https://local-service-spotlight.github.io/task-library/?task=measure-ai-citations-for-brand#task-measure-ai-citations-for-brand,contributorComplete;articleCatalogGate,,articleSemanticCertification;taskExampleEvidence;recordedExecution;acceptedExecution;setupSuccess,The contributor status is needs-work; finish and review the guide.,pass,unmet,pass,unmet,unknown,unknown,unknown,unknown,unknown
131,P1,Known standard gap,measure-search-impressions-traffic-inbound-opportunities,"Measure: search impressions, traffic, inbound opportunities",Personal Branding,3,needs-work,https://blitzmetrics.com/knowledge-panel,https://local-service-spotlight.github.io/task-library/?task=measure-search-impressions-traffic-inbound-opportunities#task-measure-search-impressions-traffic-inbound-opportunities,contributorComplete;articleCatalogGate,,articleSemanticCertification;taskExampleEvidence;recordedExecution;acceptedExecution;setupSuccess,The contributor status is needs-work; finish and review the guide.,pass,unmet,pass,unmet,unknown,unknown,unknown,unknown,unknown
132,P1,Known standard gap,publish-seo-tree-site-directory,Publish an SEO Tree site directory,SEO & Content Architecture,3,needs-work,https://blitzmetrics.com/seo-tree-site-directory/,https://local-service-spotlight.github.io/task-library/?task=publish-seo-tree-site-directory#task-publish-seo-tree-site-directory,contributorComplete;articleCatalogGate,,articleSemanticCertification;taskExampleEvidence;recordedExecution;acceptedExecution;setupSuccess,The contributor status is needs-work; finish and review the guide.,pass,unmet,pass,unmet,unknown,unknown,unknown,unknown,unknown
133,P1,Known standard gap,record-one-minute-videos-answering-customer-questions,Record one-minute videos answering customer questions,Personal Branding,3,needs-work,https://blitzmetrics.com/personal-brand,https://local-service-spotlight.github.io/task-library/?task=record-one-minute-videos-answering-customer-questions#task-record-one-minute-videos-answering-customer-questions,contributorComplete;articleCatalogGate,,articleSemanticCertification;taskExampleEvidence;recordedExecution;acceptedExecution;setupSuccess,The contributor status is needs-work; finish and review the guide.,pass,unmet,pass,unmet,unknown,unknown,unknown,unknown,unknown
134,P1,Known standard gap,remove-duplicate-thin-pages,Remove duplicate thin pages,SEO & Content Architecture,3,needs-work,https://blitzmetrics.com/seo-tree,https://local-service-spotlight.github.io/task-library/?task=remove-duplicate-thin-pages#task-remove-duplicate-thin-pages,contributorComplete;articleCatalogGate,,articleSemanticCertification;taskExampleEvidence;recordedExecution;acceptedExecution;setupSuccess,The contributor status is needs-work; finish and review the guide.,pass,unmet,pass,unmet,unknown,unknown,unknown,unknown,unknown
135,P1,Known standard gap,replace-ai-looking-content-with-real-eeat,Replace AI-looking content with real EEAT,SEO & Content Architecture,3,needs-work,https://blitzmetrics.com/seo-tree,https://local-service-spotlight.github.io/task-library/?task=replace-ai-looking-content-with-real-eeat#task-replace-ai-looking-content-with-real-eeat,contributorComplete;articleCatalogGate,,articleSemanticCertification;taskExampleEvidence;recordedExecution;acceptedExecution;setupSuccess,The contributor status is needs-work; finish and review the guide.,pass,unmet,pass,unmet,unknown,unknown,unknown,unknown,unknown
136,P1,Known standard gap,repurpose-videos-into-blog-posts-via-content-factory,Repurpose videos into blog posts via Content Factory,Personal Branding,3,needs-work,https://blitzmetrics.com/personal-brand,https://local-service-spotlight.github.io/task-library/?task=repurpose-videos-into-blog-posts-via-content-factory#task-repurpose-videos-into-blog-posts-via-content-factory,contributorComplete;articleCatalogGate,,articleSemanticCertification;taskExampleEvidence;recordedExecution;acceptedExecution;setupSuccess,The contributor status is needs-work; finish and review the guide.,pass,unmet,pass,unmet,unknown,unknown,unknown,unknown,unknown
137,P1,Known standard gap,run-weekly-client-seo-audits,Run weekly client SEO audits,Website QA Audit,3,needs-work,https://blitzmetrics.com/how-to-run-weekly-ai-agent-seo-audits-across-all-your-clients/,https://local-service-spotlight.github.io/task-library/?task=run-weekly-client-seo-audits#task-run-weekly-client-seo-audits,contributorComplete;articleCatalogGate,,articleSemanticCertification;taskExampleEvidence;recordedExecution;acceptedExecution;setupSuccess,The contributor status is needs-work; finish and review the guide.,pass,unmet,pass,unmet,unknown,unknown,unknown,unknown,unknown
138,P1,Known standard gap,secure-guest-appearances-and-speaking-engagements,Secure guest appearances and speaking engagements,Personal Branding,3,needs-work,https://blitzmetrics.com/personal-brand,https://local-service-spotlight.github.io/task-library/?task=secure-guest-appearances-and-speaking-engagements#task-secure-guest-appearances-and-speaking-engagements,contributorComplete;articleCatalogGate,,articleSemanticCertification;taskExampleEvidence;recordedExecution;acceptedExecution;setupSuccess,The contributor status is needs-work; finish and review the guide.,pass,unmet,pass,unmet,unknown,unknown,unknown,unknown,unknown
139,P1,Known standard gap,set-correct-business-categories,Set Correct Business Categories,Digital Plumbing,3,needs-work,https://blitzmetrics.com/digital-plumbing,https://local-service-spotlight.github.io/task-library/?task=set-correct-business-categories#task-set-correct-business-categories,contributorComplete;articleCatalogGate,,articleSemanticCertification;taskExampleEvidence;recordedExecution;acceptedExecution;setupSuccess,The contributor status is needs-work; finish and review the guide.,pass,unmet,pass,unmet,unknown,unknown,unknown,unknown,unknown
140,P1,Known standard gap,set-up-professional-social-profiles,Set up professional social profiles,Personal Branding,3,needs-work,https://blitzmetrics.com/personal-brand,https://local-service-spotlight.github.io/task-library/?task=set-up-professional-social-profiles#task-set-up-professional-social-profiles,contributorComplete;articleCatalogGate,,articleSemanticCertification;taskExampleEvidence;recordedExecution;acceptedExecution;setupSuccess,The contributor status is needs-work; finish and review the guide.,pass,unmet,pass,unmet,unknown,unknown,unknown,unknown,unknown
141,P1,Known standard gap,update-client-success-tracker,Update a client Success Tracker,Strategy & Measurement,3,needs-work,https://localservicespotlight.com/the-success-tracker-how-ai-apprentices-managing-local-service-clients-stay-organized-and-prove-results/,https://local-service-spotlight.github.io/task-library/?task=update-client-success-tracker#task-update-client-success-tracker,contributorComplete;articleCatalogGate,,articleSemanticCertification;taskExampleEvidence;recordedExecution;acceptedExecution;setupSuccess,The contributor status is needs-work; finish and review the guide.,pass,unmet,pass,unmet,unknown,unknown,unknown,unknown,unknown
142,P1,Known standard gap,upload-real-photos-and-set-business-hours,Upload Real Photos and Set Business Hours,Digital Plumbing,3,needs-work,https://blitzmetrics.com/digital-plumbing,https://local-service-spotlight.github.io/task-library/?task=upload-real-photos-and-set-business-hours#task-upload-real-photos-and-set-business-hours,contributorComplete;articleCatalogGate,,articleSemanticCertification;taskExampleEvidence;recordedExecution;acceptedExecution;setupSuccess,The contributor status is needs-work; finish and review the guide.,pass,unmet,pass,unmet,unknown,unknown,unknown,unknown,unknown
143,P1,Known standard gap,verify-google-business-profile--personal-brand,Verify Google Business Profile,Personal Branding,3,needs-work,https://blitzmetrics.com/personal-brand,https://local-service-spotlight.github.io/task-library/?task=verify-google-business-profile--personal-brand#task-verify-google-business-profile--personal-brand,contributorComplete;articleCatalogGate,,articleSemanticCertification;taskExampleEvidence;recordedExecution;acceptedExecution;setupSuccess,The contributor status is needs-work; finish and review the guide.,pass,unmet,pass,unmet,unknown,unknown,unknown,unknown,unknown
144,P1,Known standard gap,verify-person-schema-with-sameas-links,Verify Person schema with sameAs links,Website QA Audit,3,needs-work,https://blitzmetrics.com/website-qa-audit,https://local-service-spotlight.github.io/task-library/?task=verify-person-schema-with-sameas-links#task-verify-person-schema-with-sameas-links,contributorComplete;articleCatalogGate,,articleSemanticCertification;taskExampleEvidence;recordedExecution;acceptedExecution;setupSuccess,The contributor status is needs-work; finish and review the guide.,pass,unmet,pass,unmet,unknown,unknown,unknown,unknown,unknown
145,P1,Known standard gap,write-proper-title-tags-and-meta-descriptions,Write Proper Title Tags and Meta Descriptions,Digital Plumbing,3,needs-work,https://blitzmetrics.com/digital-plumbing,https://local-service-spotlight.github.io/task-library/?task=write-proper-title-tags-and-meta-descriptions#task-write-proper-title-tags-and-meta-descriptions,contributorComplete;articleCatalogGate,,articleSemanticCertification;taskExampleEvidence;recordedExecution;acceptedExecution;setupSuccess,The contributor status is needs-work; finish and review the guide.,pass,unmet,pass,unmet,unknown,unknown,unknown,unknown,unknown
146,P1,Known standard gap,apply-portability-discipline-to-meta-articles,Apply portability discipline to meta-articles,Knowledge System Maintenance,2,needs-work,https://blitzmetrics.com/knowledge-system-maintenance,https://local-service-spotlight.github.io/task-library/?task=apply-portability-discipline-to-meta-articles#task-apply-portability-discipline-to-meta-articles,contributorComplete;articleCatalogGate,,articleSemanticCertification;taskExampleEvidence;recordedExecution;acceptedExecution;setupSuccess,The contributor status is needs-work; finish and review the guide.,pass,unmet,pass,unmet,unknown,unknown,unknown,unknown,unknown
147,P1,Known standard gap,audit-this-maintenance-article-every-6-months,Audit this maintenance article every 6 months,Knowledge System Maintenance,2,needs-work,https://blitzmetrics.com/knowledge-system-maintenance,https://local-service-spotlight.github.io/task-library/?task=audit-this-maintenance-article-every-6-months#task-audit-this-maintenance-article-every-6-months,contributorComplete;articleCatalogGate,,articleSemanticCertification;taskExampleEvidence;recordedExecution;acceptedExecution;setupSuccess,The contributor status is needs-work; finish and review the guide.,pass,unmet,pass,unmet,unknown,unknown,unknown,unknown,unknown
148,P1,Known standard gap,build-and-maintain-ai-knowledge-base,Build and maintain an AI knowledge base,Knowledge System Maintenance,2,needs-work,https://blitzmetrics.com/how-to-build-use-publish-ai-knowledge-base/,https://local-service-spotlight.github.io/task-library/?task=build-and-maintain-ai-knowledge-base#task-build-and-maintain-ai-knowledge-base,contributorComplete;articleCatalogGate,,articleSemanticCertification;taskExampleEvidence;recordedExecution;acceptedExecution;setupSuccess,The contributor status is needs-work; finish and review the guide.,pass,unmet,pass,unmet,unknown,unknown,unknown,unknown,unknown
149,P1,Known standard gap,check-favicon-is-set,Check favicon is set,Website QA Audit,2,needs-work,https://blitzmetrics.com/website-qa-audit,https://local-service-spotlight.github.io/task-library/?task=check-favicon-is-set#task-check-favicon-is-set,contributorComplete;articleCatalogGate,,articleSemanticCertification;taskExampleEvidence;recordedExecution;acceptedExecution;setupSuccess,The contributor status is needs-work; finish and review the guide.,pass,unmet,pass,unmet,unknown,unknown,unknown,unknown,unknown
150,P1,Known standard gap,check-information-currency-with-latest-data,Check information currency with latest data,Knowledge System Maintenance,2,needs-work,https://blitzmetrics.com/knowledge-system-maintenance,https://local-service-spotlight.github.io/task-library/?task=check-information-currency-with-latest-data#task-check-information-currency-with-latest-data,contributorComplete;articleCatalogGate,,articleSemanticCertification;taskExampleEvidence;recordedExecution;acceptedExecution;setupSuccess,The contributor status is needs-work; finish and review the guide.,pass,unmet,pass,unmet,unknown,unknown,unknown,unknown,unknown
151,P1,Known standard gap,configure-and-verify-recurring-agent-job,Configure and verify a recurring agent job,Knowledge System Maintenance,2,needs-work,https://blitzmetrics.com/persistent-agents/,https://local-service-spotlight.github.io/task-library/?task=configure-and-verify-recurring-agent-job#task-configure-and-verify-recurring-agent-job,contributorComplete;articleCatalogGate,,articleSemanticCertification;taskExampleEvidence;recordedExecution;acceptedExecution;setupSuccess,The contributor status is needs-work; finish and review the guide.,pass,unmet,pass,unmet,unknown,unknown,unknown,unknown,unknown
152,P1,Known standard gap,coordinate-agents-with-shared-memory,Coordinate agents with shared memory,Knowledge System Maintenance,2,needs-work,https://blitzmetrics.com/set-up-cross-agent-shared-memory/,https://local-service-spotlight.github.io/task-library/?task=coordinate-agents-with-shared-memory#task-coordinate-agents-with-shared-memory,contributorComplete;articleCatalogGate,,articleSemanticCertification;taskExampleEvidence;recordedExecution;acceptedExecution;setupSuccess,The contributor status is needs-work; finish and review the guide.,pass,unmet,pass,unmet,unknown,unknown,unknown,unknown,unknown
153,P1,Known standard gap,document-a-task,Document a task,Knowledge System Maintenance,2,needs-work,https://blitzmetrics.com/how-to-document-a-task/,https://local-service-spotlight.github.io/task-library/?task=document-a-task#task-document-a-task,contributorComplete;articleCatalogGate,,articleSemanticCertification;taskExampleEvidence;recordedExecution;acceptedExecution;setupSuccess,The contributor status is needs-work; finish and review the guide.,pass,unmet,pass,unmet,unknown,unknown,unknown,unknown,unknown
154,P1,Known standard gap,ensure-nap-consistency-across-platforms,Ensure NAP Consistency Across Platforms,Digital Plumbing,2,needs-work,https://blitzmetrics.com/digital-plumbing,https://local-service-spotlight.github.io/task-library/?task=ensure-nap-consistency-across-platforms#task-ensure-nap-consistency-across-platforms,contributorComplete;articleCatalogGate,,articleSemanticCertification;taskExampleEvidence;recordedExecution;acceptedExecution;setupSuccess,The contributor status is needs-work; finish and review the guide.,pass,unmet,pass,unmet,unknown,unknown,unknown,unknown,unknown
155,P1,Known standard gap,generate-knowledge-capture-note-within-24-hours,Generate Knowledge Capture Note within 24 hours,Knowledge System Maintenance,2,needs-work,https://blitzmetrics.com/knowledge-system-maintenance,https://local-service-spotlight.github.io/task-library/?task=generate-knowledge-capture-note-within-24-hours#task-generate-knowledge-capture-note-within-24-hours,contributorComplete;articleCatalogGate,,articleSemanticCertification;taskExampleEvidence;recordedExecution;acceptedExecution;setupSuccess,The contributor status is needs-work; finish and review the guide.,pass,unmet,pass,unmet,unknown,unknown,unknown,unknown,unknown
156,P1,Known standard gap,install-canonical-skill-packs,Install the canonical skill packs,Knowledge System Maintenance,2,needs-work,https://localservicespotlight.com/install/,https://local-service-spotlight.github.io/task-library/?task=install-canonical-skill-packs#task-install-canonical-skill-packs,contributorComplete;articleCatalogGate,,articleSemanticCertification;taskExampleEvidence;recordedExecution;acceptedExecution;setupSuccess,The contributor status is needs-work; finish and review the guide.,pass,unmet,pass,unmet,unknown,unknown,unknown,unknown,unknown
157,P1,Known standard gap,install-local-qwen,Install local Qwen,Knowledge System Maintenance,2,needs-work,https://blitzmetrics.com/install-local-qwen/,https://local-service-spotlight.github.io/task-library/?task=install-local-qwen#task-install-local-qwen,contributorComplete;articleCatalogGate,,articleSemanticCertification;taskExampleEvidence;recordedExecution;acceptedExecution;setupSuccess,The contributor status is needs-work; finish and review the guide.,pass,unmet,pass,unmet,unknown,unknown,unknown,unknown,unknown
158,P1,Known standard gap,onboard-agent-for-first-scoped-task,Onboard an agent for its first scoped task,Knowledge System Maintenance,2,needs-work,https://blitzmetrics.com/new-agents-start-here/,https://local-service-spotlight.github.io/task-library/?task=onboard-agent-for-first-scoped-task#task-onboard-agent-for-first-scoped-task,contributorComplete;articleCatalogGate,,articleSemanticCertification;taskExampleEvidence;recordedExecution;acceptedExecution;setupSuccess,The contributor status is needs-work; finish and review the guide.,pass,unmet,pass,unmet,unknown,unknown,unknown,unknown,unknown
159,P1,Known standard gap,publish-skill-and-task-page,Publish a skill and its task page,Knowledge System Maintenance,2,needs-work,https://blitzmetrics.com/skill-publishing-standard/,https://local-service-spotlight.github.io/task-library/?task=publish-skill-and-task-page#task-publish-skill-and-task-page,contributorComplete;articleCatalogGate,,articleSemanticCertification;taskExampleEvidence;recordedExecution;acceptedExecution;setupSuccess,The contributor status is needs-work; finish and review the guide.,pass,unmet,pass,unmet,unknown,unknown,unknown,unknown,unknown
160,P1,Known standard gap,reply-with-task-status-in-origin-thread,Reply with task status in the original thread,Knowledge System Maintenance,2,needs-work,https://blitzmetrics.com/always-reply/,https://local-service-spotlight.github.io/task-library/?task=reply-with-task-status-in-origin-thread#task-reply-with-task-status-in-origin-thread,contributorComplete;articleCatalogGate,,articleSemanticCertification;taskExampleEvidence;recordedExecution;acceptedExecution;setupSuccess,The contributor status is needs-work; finish and review the guide.,pass,unmet,pass,unmet,unknown,unknown,unknown,unknown,unknown
161,P1,Known standard gap,review-existing-sops-for-portability-compliance,Review existing task guides for portability compliance,Knowledge System Maintenance,2,needs-work,https://blitzmetrics.com/knowledge-system-maintenance,https://local-service-spotlight.github.io/task-library/?task=review-existing-sops-for-portability-compliance#task-review-existing-sops-for-portability-compliance,contributorComplete;articleCatalogGate,,articleSemanticCertification;taskExampleEvidence;recordedExecution;acceptedExecution;setupSuccess,The contributor status is needs-work; finish and review the guide.,pass,unmet,pass,unmet,unknown,unknown,unknown,unknown,unknown
162,P1,Known standard gap,review-past-6-months-of-sop-amendment-proposals-for-patterns,Review past 6 months of task guide Amendment Proposals for patterns,Knowledge System Maintenance,2,needs-work,https://blitzmetrics.com/knowledge-system-maintenance,https://local-service-spotlight.github.io/task-library/?task=review-past-6-months-of-sop-amendment-proposals-for-patterns#task-review-past-6-months-of-sop-amendment-proposals-for-patterns,contributorComplete;articleCatalogGate,,articleSemanticCertification;taskExampleEvidence;recordedExecution;acceptedExecution;setupSuccess,The contributor status is needs-work; finish and review the guide.,pass,unmet,pass,unmet,unknown,unknown,unknown,unknown,unknown
163,P1,Known standard gap,route-notes-to-sop-update-protocol-or-directly-to-articles,Route notes to task guide Update Protocol or directly to articles,Knowledge System Maintenance,2,needs-work,https://blitzmetrics.com/knowledge-system-maintenance,https://local-service-spotlight.github.io/task-library/?task=route-notes-to-sop-update-protocol-or-directly-to-articles#task-route-notes-to-sop-update-protocol-or-directly-to-articles,contributorComplete;articleCatalogGate,,articleSemanticCertification;taskExampleEvidence;recordedExecution;acceptedExecution;setupSuccess,The contributor status is needs-work; finish and review the guide.,pass,unmet,pass,unmet,unknown,unknown,unknown,unknown,unknown
164,P1,Known standard gap,senior-team-member-reviews-weekly,Senior team member reviews weekly,Knowledge System Maintenance,2,needs-work,https://blitzmetrics.com/knowledge-system-maintenance,https://local-service-spotlight.github.io/task-library/?task=senior-team-member-reviews-weekly#task-senior-team-member-reviews-weekly,contributorComplete;articleCatalogGate,,articleSemanticCertification;taskExampleEvidence;recordedExecution;acceptedExecution;setupSuccess,The contributor status is needs-work; finish and review the guide.,pass,unmet,pass,unmet,unknown,unknown,unknown,unknown,unknown
165,P1,Known standard gap,separate-methodology-layer-what-why-from-implementation-layer-how,Separate methodology layer (what/why) from implementation layer (how),Knowledge System Maintenance,2,needs-work,https://blitzmetrics.com/knowledge-system-maintenance,https://local-service-spotlight.github.io/task-library/?task=separate-methodology-layer-what-why-from-implementation-layer-how#task-separate-methodology-layer-what-why-from-implementation-layer-how,contributorComplete;articleCatalogGate,,articleSemanticCertification;taskExampleEvidence;recordedExecution;acceptedExecution;setupSuccess,The contributor status is needs-work; finish and review the guide.,pass,unmet,pass,unmet,unknown,unknown,unknown,unknown,unknown
166,P1,Known standard gap,set-up-business-ai-work-environment,Set up a business AI work environment,Knowledge System Maintenance,2,needs-work,https://blitzmetrics.com/start/,https://local-service-spotlight.github.io/task-library/?task=set-up-business-ai-work-environment#task-set-up-business-ai-work-environment,contributorComplete;articleCatalogGate,,articleSemanticCertification;taskExampleEvidence;recordedExecution;acceptedExecution;setupSuccess,The contributor status is needs-work; finish and review the guide.,pass,unmet,pass,unmet,unknown,unknown,unknown,unknown,unknown
167,P1,Known standard gap,set-up-special-project-workspace,Set up a Special Project workspace,Knowledge System Maintenance,2,needs-work,https://blitzmetrics.com/special-project/,https://local-service-spotlight.github.io/task-library/?task=set-up-special-project-workspace#task-set-up-special-project-workspace,contributorComplete;articleCatalogGate,,articleSemanticCertification;taskExampleEvidence;recordedExecution;acceptedExecution;setupSuccess,The contributor status is needs-work; finish and review the guide.,pass,unmet,pass,unmet,unknown,unknown,unknown,unknown,unknown
168,P1,Known standard gap,tag-proposal-with-affected-sop-and-queue-for-review,Tag proposal with affected task guide and queue for review,Knowledge System Maintenance,2,needs-work,https://blitzmetrics.com/knowledge-system-maintenance,https://local-service-spotlight.github.io/task-library/?task=tag-proposal-with-affected-sop-and-queue-for-review#task-tag-proposal-with-affected-sop-and-queue-for-review,contributorComplete;articleCatalogGate,,articleSemanticCertification;taskExampleEvidence;recordedExecution;acceptedExecution;setupSuccess,The contributor status is needs-work; finish and review the guide.,pass,unmet,pass,unmet,unknown,unknown,unknown,unknown,unknown
169,P1,Known standard gap,update-status-table-in-definitive-article-guide,Update status table in Definitive Article Guide,Knowledge System Maintenance,2,needs-work,https://blitzmetrics.com/knowledge-system-maintenance,https://local-service-spotlight.github.io/task-library/?task=update-status-table-in-definitive-article-guide#task-update-status-table-in-definitive-article-guide,contributorComplete;articleCatalogGate,,articleSemanticCertification;taskExampleEvidence;recordedExecution;acceptedExecution;setupSuccess,The contributor status is needs-work; finish and review the guide.,pass,unmet,pass,unmet,unknown,unknown,unknown,unknown,unknown
170,P1,Known standard gap,validate-cross-reference-integrity-across-articles,Validate cross-reference integrity across articles,Knowledge System Maintenance,2,needs-work,https://blitzmetrics.com/knowledge-system-maintenance,https://local-service-spotlight.github.io/task-library/?task=validate-cross-reference-integrity-across-articles#task-validate-cross-reference-integrity-across-articles,contributorComplete;articleCatalogGate,,articleSemanticCertification;taskExampleEvidence;recordedExecution;acceptedExecution;setupSuccess,The contributor status is needs-work; finish and review the guide.,pass,unmet,pass,unmet,unknown,unknown,unknown,unknown,unknown
171,P1,Known standard gap,analyze-cost-per-result-and-engagement,Analyze cost per result and engagement,Dollar a Day Campaigns,5,complete,https://blitzmetrics.com/dad,https://local-service-spotlight.github.io/task-library/?task=analyze-cost-per-result-and-engagement#task-analyze-cost-per-result-and-engagement,articleCatalogGate,,articleSemanticCertification;taskExampleEvidence;recordedExecution;acceptedExecution;setupSuccess,At least one task mapped to this hub is not contributor-complete.,pass,pass,pass,unmet,unknown,unknown,unknown,unknown,unknown
172,P1,Known standard gap,boost-top-3-5-facebook-posts,Boost top 3–5 Facebook posts,Content Factory — Promote,5,complete,https://blitzmetrics.com/social-amplification,https://local-service-spotlight.github.io/task-library/?task=boost-top-3-5-facebook-posts#task-boost-top-3-5-facebook-posts,articleCatalogGate,,articleSemanticCertification;taskExampleEvidence;recordedExecution;acceptedExecution;setupSuccess,At least one task mapped to this hub is not contributor-complete.,pass,pass,pass,unmet,unknown,unknown,unknown,unknown,unknown
173,P1,Known standard gap,build-audience-layers,Build audience layers,Dollar a Day Campaigns,5,complete,https://blitzmetrics.com/dad,https://local-service-spotlight.github.io/task-library/?task=build-audience-layers#task-build-audience-layers,articleCatalogGate,,articleSemanticCertification;taskExampleEvidence;recordedExecution;acceptedExecution;setupSuccess,At least one task mapped to this hub is not contributor-complete.,pass,pass,pass,unmet,unknown,unknown,unknown,unknown,unknown
174,P1,Known standard gap,compare-current-vs-last-period-performance,Compare current vs last period performance,Content Factory — Promote,5,complete,https://blitzmetrics.com/social-amplification,https://local-service-spotlight.github.io/task-library/?task=compare-current-vs-last-period-performance#task-compare-current-vs-last-period-performance,articleCatalogGate,,articleSemanticCertification;taskExampleEvidence;recordedExecution;acceptedExecution;setupSuccess,At least one task mapped to this hub is not contributor-complete.,pass,pass,pass,unmet,unknown,unknown,unknown,unknown,unknown
175,P1,Known standard gap,ensure-robots-meta-not-blocking-indexing--qa-audit,Ensure robots meta not blocking indexing,Website QA Audit,5,complete,https://blitzmetrics.com/website-qa-audit,https://local-service-spotlight.github.io/task-library/?task=ensure-robots-meta-not-blocking-indexing--qa-audit#task-ensure-robots-meta-not-blocking-indexing--qa-audit,articleCatalogGate,,articleSemanticCertification;taskExampleEvidence;recordedExecution;acceptedExecution;setupSuccess,At least one task mapped to this hub is not contributor-complete.,pass,pass,pass,unmet,unknown,unknown,unknown,unknown,unknown
176,P1,Known standard gap,identify-signals-worth-amplifying,Identify signals worth amplifying,Dollar a Day Campaigns,5,complete,https://blitzmetrics.com/dad,https://local-service-spotlight.github.io/task-library/?task=identify-signals-worth-amplifying#task-identify-signals-worth-amplifying,articleCatalogGate,,articleSemanticCertification;taskExampleEvidence;recordedExecution;acceptedExecution;setupSuccess,At least one task mapped to this hub is not contributor-complete.,pass,pass,pass,unmet,unknown,unknown,unknown,unknown,unknown
177,P1,Known standard gap,kill-underperforming-ads,Kill underperforming ads,Dollar a Day Campaigns,5,complete,https://blitzmetrics.com/dad,https://local-service-spotlight.github.io/task-library/?task=kill-underperforming-ads#task-kill-underperforming-ads,articleCatalogGate,,articleSemanticCertification;taskExampleEvidence;recordedExecution;acceptedExecution;setupSuccess,At least one task mapped to this hub is not contributor-complete.,pass,pass,pass,unmet,unknown,unknown,unknown,unknown,unknown
178,P1,Known standard gap,list-top-3-5-recommendations-for-next-7-days,List top 3–5 recommendations for next 7 days,Content Factory — Promote,5,complete,https://blitzmetrics.com/social-amplification,https://local-service-spotlight.github.io/task-library/?task=list-top-3-5-recommendations-for-next-7-days#task-list-top-3-5-recommendations-for-next-7-days,articleCatalogGate,,articleSemanticCertification;taskExampleEvidence;recordedExecution;acceptedExecution;setupSuccess,At least one task mapped to this hub is not contributor-complete.,pass,pass,pass,unmet,unknown,unknown,unknown,unknown,unknown
179,P1,Known standard gap,place-content-on-seo-tree-with-proper-links,Place content on SEO Tree with proper links,Content Factory — Post,5,complete,https://blitzmetrics.com/seo-tree,https://local-service-spotlight.github.io/task-library/?task=place-content-on-seo-tree-with-proper-links#task-place-content-on-seo-tree-with-proper-links,articleCatalogGate,,articleSemanticCertification;taskExampleEvidence;recordedExecution;acceptedExecution;setupSuccess,At least one task mapped to this hub is not contributor-complete.,pass,pass,pass,unmet,unknown,unknown,unknown,unknown,unknown
180,P1,Known standard gap,run-dollar-a-day-campaign-on-winning-content,Run Dollar a Day campaign on winning content,Content Factory — Promote,5,complete,https://blitzmetrics.com/dad,https://local-service-spotlight.github.io/task-library/?task=run-dollar-a-day-campaign-on-winning-content#task-run-dollar-a-day-campaign-on-winning-content,articleCatalogGate,,articleSemanticCertification;taskExampleEvidence;recordedExecution;acceptedExecution;setupSuccess,At least one task mapped to this hub is not contributor-complete.,pass,pass,pass,unmet,unknown,unknown,unknown,unknown,unknown
181,P1,Known standard gap,run-multiple-simultaneous-tests,Run multiple simultaneous tests,Dollar a Day Campaigns,5,complete,https://blitzmetrics.com/dad,https://local-service-spotlight.github.io/task-library/?task=run-multiple-simultaneous-tests#task-run-multiple-simultaneous-tests,articleCatalogGate,,articleSemanticCertification;taskExampleEvidence;recordedExecution;acceptedExecution;setupSuccess,At least one task mapped to this hub is not contributor-complete.,pass,pass,pass,unmet,unknown,unknown,unknown,unknown,unknown
182,P1,Known standard gap,scale-winners-by-increasing-budget-gradually,Scale winners by increasing budget gradually,Dollar a Day Campaigns,5,complete,https://blitzmetrics.com/dad,https://local-service-spotlight.github.io/task-library/?task=scale-winners-by-increasing-budget-gradually#task-scale-winners-by-increasing-budget-gradually,articleCatalogGate,,articleSemanticCertification;taskExampleEvidence;recordedExecution;acceptedExecution;setupSuccess,At least one task mapped to this hub is not contributor-complete.,pass,pass,pass,unmet,unknown,unknown,unknown,unknown,unknown
183,P1,Known standard gap,set-1-day-budget-per-ad-set,Set $1/day budget per ad set,Dollar a Day Campaigns,5,complete,https://blitzmetrics.com/dad,https://local-service-spotlight.github.io/task-library/?task=set-1-day-budget-per-ad-set#task-set-1-day-budget-per-ad-set,articleCatalogGate,,articleSemanticCertification;taskExampleEvidence;recordedExecution;acceptedExecution;setupSuccess,At least one task mapped to this hub is not contributor-complete.,pass,pass,pass,unmet,unknown,unknown,unknown,unknown,unknown
184,P1,Known standard gap,set-up-digital-plumbing-pixels-tracking,"Set up digital plumbing (pixels, tracking)",Dollar a Day Campaigns,5,complete,https://blitzmetrics.com/dad,https://local-service-spotlight.github.io/task-library/?task=set-up-digital-plumbing-pixels-tracking#task-set-up-digital-plumbing-pixels-tracking,articleCatalogGate,,articleSemanticCertification;taskExampleEvidence;recordedExecution;acceptedExecution;setupSuccess,At least one task mapped to this hub is not contributor-complete.,pass,pass,pass,unmet,unknown,unknown,unknown,unknown,unknown
185,P1,Known standard gap,stage-1-plumbing-fb-ads-google-ads-analytics,"Stage 1: Plumbing (FB Ads, Google Ads, Analytics)",Strategy & Measurement,5,complete,https://blitzmetrics.com/social-amplification,https://local-service-spotlight.github.io/task-library/?task=stage-1-plumbing-fb-ads-google-ads-analytics#task-stage-1-plumbing-fb-ads-google-ads-analytics,articleCatalogGate,,articleSemanticCertification;taskExampleEvidence;recordedExecution;acceptedExecution;setupSuccess,At least one task mapped to this hub is not contributor-complete.,pass,pass,pass,unmet,unknown,unknown,unknown,unknown,unknown
186,P1,Known standard gap,stage-4-targeting-custom-audiences-lookalikes-remarketing,"Stage 4: Targeting (custom audiences, lookalikes, remarketing)",Strategy & Measurement,5,complete,https://blitzmetrics.com/social-amplification,https://local-service-spotlight.github.io/task-library/?task=stage-4-targeting-custom-audiences-lookalikes-remarketing#task-stage-4-targeting-custom-audiences-lookalikes-remarketing,articleCatalogGate,,articleSemanticCertification;taskExampleEvidence;recordedExecution;acceptedExecution;setupSuccess,At least one task mapped to this hub is not contributor-complete.,pass,pass,pass,unmet,unknown,unknown,unknown,unknown,unknown
187,P1,Known standard gap,stage-5-amplification-boost-posts-remarketing-ads,"Stage 5: Amplification (boost posts, remarketing ads)",Strategy & Measurement,5,complete,https://blitzmetrics.com/social-amplification,https://local-service-spotlight.github.io/task-library/?task=stage-5-amplification-boost-posts-remarketing-ads#task-stage-5-amplification-boost-posts-remarketing-ads,articleCatalogGate,,articleSemanticCertification;taskExampleEvidence;recordedExecution;acceptedExecution;setupSuccess,At least one task mapped to this hub is not contributor-complete.,pass,pass,pass,unmet,unknown,unknown,unknown,unknown,unknown
188,P1,Known standard gap,verify-ga4-configured-with-internal-traffic-filtered,Verify GA4 configured with internal traffic filtered,Website QA Audit,5,complete,https://blitzmetrics.com/website-qa-audit,https://local-service-spotlight.github.io/task-library/?task=verify-ga4-configured-with-internal-traffic-filtered#task-verify-ga4-configured-with-internal-traffic-filtered,articleCatalogGate,,articleSemanticCertification;taskExampleEvidence;recordedExecution;acceptedExecution;setupSuccess,At least one task mapped to this hub is not contributor-complete.,pass,pass,pass,unmet,unknown,unknown,unknown,unknown,unknown
189,P1,Known standard gap,verify-gtm-installed-and-firing-on-every-page,Verify GTM installed and firing on every page,Website QA Audit,5,complete,https://blitzmetrics.com/website-qa-audit,https://local-service-spotlight.github.io/task-library/?task=verify-gtm-installed-and-firing-on-every-page#task-verify-gtm-installed-and-firing-on-every-page,articleCatalogGate,,articleSemanticCertification;taskExampleEvidence;recordedExecution;acceptedExecution;setupSuccess,At least one task mapped to this hub is not contributor-complete.,pass,pass,pass,unmet,unknown,unknown,unknown,unknown,unknown
190,P1,Known standard gap,verify-https-with-no-mixed-content,Verify HTTPS with no mixed content,Website QA Audit,5,complete,https://blitzmetrics.com/website-qa-audit,https://local-service-spotlight.github.io/task-library/?task=verify-https-with-no-mixed-content#task-verify-https-with-no-mixed-content,articleCatalogGate,,articleSemanticCertification;taskExampleEvidence;recordedExecution;acceptedExecution;setupSuccess,At least one task mapped to this hub is not contributor-complete.,pass,pass,pass,unmet,unknown,unknown,unknown,unknown,unknown
191,P1,Known standard gap,verify-meta-pixel-installed-with-lead-events,Verify Meta pixel installed with lead events,Website QA Audit,5,complete,https://blitzmetrics.com/website-qa-audit,https://local-service-spotlight.github.io/task-library/?task=verify-meta-pixel-installed-with-lead-events#task-verify-meta-pixel-installed-with-lead-events,articleCatalogGate,,articleSemanticCertification;taskExampleEvidence;recordedExecution;acceptedExecution;setupSuccess,At least one task mapped to this hub is not contributor-complete.,pass,pass,pass,unmet,unknown,unknown,unknown,unknown,unknown
192,P1,Known standard gap,verify-prerequisites-product-customers-content,"Verify prerequisites (product, customers, content)",Dollar a Day Campaigns,5,complete,https://blitzmetrics.com/dad,https://local-service-spotlight.github.io/task-library/?task=verify-prerequisites-product-customers-content#task-verify-prerequisites-product-customers-content,articleCatalogGate,,articleSemanticCertification;taskExampleEvidence;recordedExecution;acceptedExecution;setupSuccess,At least one task mapped to this hub is not contributor-complete.,pass,pass,pass,unmet,unknown,unknown,unknown,unknown,unknown
193,P1,Known standard gap,verify-wordpress-author-set-to-site-owner-name,Verify WordPress author set to site owner name,Website QA Audit,5,complete,https://blitzmetrics.com/website-qa-audit,https://local-service-spotlight.github.io/task-library/?task=verify-wordpress-author-set-to-site-owner-name#task-verify-wordpress-author-set-to-site-owner-name,articleCatalogGate,,articleSemanticCertification;taskExampleEvidence;recordedExecution;acceptedExecution;setupSuccess,At least one task mapped to this hub is not contributor-complete.,pass,pass,pass,unmet,unknown,unknown,unknown,unknown,unknown
194,P1,Known standard gap,apply-metrics-decomposition,Apply Metrics Decomposition,Content Factory — Promote,4,complete,https://blitzmetrics.com/social-amplification,https://local-service-spotlight.github.io/task-library/?task=apply-metrics-decomposition#task-apply-metrics-decomposition,articleCatalogGate,,articleSemanticCertification;taskExampleEvidence;recordedExecution;acceptedExecution;setupSuccess,At least one task mapped to this hub is not contributor-complete.,pass,pass,pass,unmet,unknown,unknown,unknown,unknown,unknown
195,P1,Known standard gap,stage-2-goals-mission-90-day-goals-cpa-roas-budget,"Stage 2: Goals (mission, 90-day goals, CPA/ROAS, budget)",Strategy & Measurement,4,complete,https://blitzmetrics.com/social-amplification,https://local-service-spotlight.github.io/task-library/?task=stage-2-goals-mission-90-day-goals-cpa-roas-budget#task-stage-2-goals-mission-90-day-goals-cpa-roas-budget,articleCatalogGate,,articleSemanticCertification;taskExampleEvidence;recordedExecution;acceptedExecution;setupSuccess,At least one task mapped to this hub is not contributor-complete.,pass,pass,pass,unmet,unknown,unknown,unknown,unknown,unknown
196,P1,Known standard gap,stage-6-optimization-metrics-budget-review-recommendations,"Stage 6: Optimization (metrics, budget review, recommendations)",Strategy & Measurement,4,complete,https://blitzmetrics.com/social-amplification,https://local-service-spotlight.github.io/task-library/?task=stage-6-optimization-metrics-budget-review-recommendations#task-stage-6-optimization-metrics-budget-review-recommendations,articleCatalogGate,,articleSemanticCertification;taskExampleEvidence;recordedExecution;acceptedExecution;setupSuccess,At least one task mapped to this hub is not contributor-complete.,pass,pass,pass,unmet,unknown,unknown,unknown,unknown,unknown
197,P1,Known standard gap,audit-internal-links-between-all-blog-posts,Audit internal links between all blog posts,Website QA Audit,3,complete,https://blitzmetrics.com/website-qa-audit,https://local-service-spotlight.github.io/task-library/?task=audit-internal-links-between-all-blog-posts#task-audit-internal-links-between-all-blog-posts,articleCatalogGate,,articleSemanticCertification;taskExampleEvidence;recordedExecution;acceptedExecution;setupSuccess,At least one task mapped to this hub is not contributor-complete.,pass,pass,pass,unmet,unknown,unknown,unknown,unknown,unknown
198,P1,Known standard gap,check-each-homepage-section-includes-relevant-image,Check each homepage section includes relevant image,Website QA Audit,3,complete,https://blitzmetrics.com/website-qa-audit,https://local-service-spotlight.github.io/task-library/?task=check-each-homepage-section-includes-relevant-image#task-check-each-homepage-section-includes-relevant-image,articleCatalogGate,,articleSemanticCertification;taskExampleEvidence;recordedExecution;acceptedExecution;setupSuccess,At least one task mapped to this hub is not contributor-complete.,pass,pass,pass,unmet,unknown,unknown,unknown,unknown,unknown
199,P1,Known standard gap,check-for-broken-links,Check for broken links,Website QA Audit,3,complete,https://blitzmetrics.com/website-qa-audit,https://local-service-spotlight.github.io/task-library/?task=check-for-broken-links#task-check-for-broken-links,articleCatalogGate,,articleSemanticCertification;taskExampleEvidence;recordedExecution;acceptedExecution;setupSuccess,At least one task mapped to this hub is not contributor-complete.,pass,pass,pass,unmet,unknown,unknown,unknown,unknown,unknown
200,P1,Known standard gap,check-lead-magnet-section-has-visual-mockup,Check lead magnet section has visual mockup,Website QA Audit,3,complete,https://blitzmetrics.com/website-qa-audit,https://local-service-spotlight.github.io/task-library/?task=check-lead-magnet-section-has-visual-mockup#task-check-lead-magnet-section-has-visual-mockup,articleCatalogGate,,articleSemanticCertification;taskExampleEvidence;recordedExecution;acceptedExecution;setupSuccess,At least one task mapped to this hub is not contributor-complete.,pass,pass,pass,unmet,unknown,unknown,unknown,unknown,unknown
201,P1,Known standard gap,check-meta-description-under-160-chars,Check meta description under 160 chars,Website QA Audit,3,complete,https://blitzmetrics.com/website-qa-audit,https://local-service-spotlight.github.io/task-library/?task=check-meta-description-under-160-chars#task-check-meta-description-under-160-chars,articleCatalogGate,,articleSemanticCertification;taskExampleEvidence;recordedExecution;acceptedExecution;setupSuccess,At least one task mapped to this hub is not contributor-complete.,pass,pass,pass,unmet,unknown,unknown,unknown,unknown,unknown
202,P1,Known standard gap,check-schema-connects-to-all-verified-profiles,Check schema connects to all verified profiles,Website QA Audit,3,complete,https://blitzmetrics.com/website-qa-audit,https://local-service-spotlight.github.io/task-library/?task=check-schema-connects-to-all-verified-profiles#task-check-schema-connects-to-all-verified-profiles,articleCatalogGate,,articleSemanticCertification;taskExampleEvidence;recordedExecution;acceptedExecution;setupSuccess,At least one task mapped to this hub is not contributor-complete.,pass,pass,pass,unmet,unknown,unknown,unknown,unknown,unknown
203,P1,Known standard gap,check-seo-title-under-60-chars-with-focus-keyword,Check SEO title under 60 chars with focus keyword,Website QA Audit,3,complete,https://blitzmetrics.com/website-qa-audit,https://local-service-spotlight.github.io/task-library/?task=check-seo-title-under-60-chars-with-focus-keyword#task-check-seo-title-under-60-chars-with-focus-keyword,articleCatalogGate,,articleSemanticCertification;taskExampleEvidence;recordedExecution;acceptedExecution;setupSuccess,At least one task mapped to this hub is not contributor-complete.,pass,pass,pass,unmet,unknown,unknown,unknown,unknown,unknown
204,P1,Known standard gap,check-social-profiles-linked-and-prominent,Check social profiles linked and prominent,Website QA Audit,3,complete,https://blitzmetrics.com/website-qa-audit,https://local-service-spotlight.github.io/task-library/?task=check-social-profiles-linked-and-prominent#task-check-social-profiles-linked-and-prominent,articleCatalogGate,,articleSemanticCertification;taskExampleEvidence;recordedExecution;acceptedExecution;setupSuccess,At least one task mapped to this hub is not contributor-complete.,pass,pass,pass,unmet,unknown,unknown,unknown,unknown,unknown
205,P1,Known standard gap,create-a-3-minute-why-video,Create a 3-minute WHY video,Content Factory — Produce,3,complete,https://blitzmetrics.com/social-amplification,https://local-service-spotlight.github.io/task-library/?task=create-a-3-minute-why-video#task-create-a-3-minute-why-video,articleCatalogGate,,articleSemanticCertification;taskExampleEvidence;recordedExecution;acceptedExecution;setupSuccess,At least one task mapped to this hub is not contributor-complete.,pass,pass,pass,unmet,unknown,unknown,unknown,unknown,unknown
206,P1,Known standard gap,create-a-3x3-video-grid,Create a 3×3 video grid,Content Factory — Produce,3,complete,https://blitzmetrics.com/social-amplification,https://local-service-spotlight.github.io/task-library/?task=create-a-3x3-video-grid#task-create-a-3x3-video-grid,articleCatalogGate,,articleSemanticCertification;taskExampleEvidence;recordedExecution;acceptedExecution;setupSuccess,At least one task mapped to this hub is not contributor-complete.,pass,pass,pass,unmet,unknown,unknown,unknown,unknown,unknown
207,P1,Known standard gap,enhance-existing-articles-before-creating-new-ones,Enhance existing articles before creating new ones,SEO & Content Architecture,3,complete,https://blitzmetrics.com/seo-tree,https://local-service-spotlight.github.io/task-library/?task=enhance-existing-articles-before-creating-new-ones#task-enhance-existing-articles-before-creating-new-ones,articleCatalogGate,,articleSemanticCertification;taskExampleEvidence;recordedExecution;acceptedExecution;setupSuccess,At least one task mapped to this hub is not contributor-complete.,pass,pass,pass,unmet,unknown,unknown,unknown,unknown,unknown
208,P1,Known standard gap,ensure-no-stock-images-used,Ensure no stock images used,Website QA Audit,3,complete,https://blitzmetrics.com/website-qa-audit,https://local-service-spotlight.github.io/task-library/?task=ensure-no-stock-images-used#task-ensure-no-stock-images-used,articleCatalogGate,,articleSemanticCertification;taskExampleEvidence;recordedExecution;acceptedExecution;setupSuccess,At least one task mapped to this hub is not contributor-complete.,pass,pass,pass,unmet,unknown,unknown,unknown,unknown,unknown
209,P1,Known standard gap,ensure-no-text-only-sections-spanning-full-viewport,Ensure no text-only sections spanning full viewport,Website QA Audit,3,complete,https://blitzmetrics.com/website-qa-audit,https://local-service-spotlight.github.io/task-library/?task=ensure-no-text-only-sections-spanning-full-viewport#task-ensure-no-text-only-sections-spanning-full-viewport,articleCatalogGate,,articleSemanticCertification;taskExampleEvidence;recordedExecution;acceptedExecution;setupSuccess,At least one task mapped to this hub is not contributor-complete.,pass,pass,pass,unmet,unknown,unknown,unknown,unknown,unknown
210,P1,Known standard gap,fit-every-new-piece-into-the-tree-structure,Fit every new piece into the tree structure,SEO & Content Architecture,3,complete,https://blitzmetrics.com/seo-tree,https://local-service-spotlight.github.io/task-library/?task=fit-every-new-piece-into-the-tree-structure#task-fit-every-new-piece-into-the-tree-structure,articleCatalogGate,,articleSemanticCertification;taskExampleEvidence;recordedExecution;acceptedExecution;setupSuccess,At least one task mapped to this hub is not contributor-complete.,pass,pass,pass,unmet,unknown,unknown,unknown,unknown,unknown
211,P1,Known standard gap,link-leaves-to-branches-branches-to-trunk,"Link leaves to branches, branches to trunk",SEO & Content Architecture,3,complete,https://blitzmetrics.com/seo-tree,https://local-service-spotlight.github.io/task-library/?task=link-leaves-to-branches-branches-to-trunk#task-link-leaves-to-branches-branches-to-trunk,articleCatalogGate,,articleSemanticCertification;taskExampleEvidence;recordedExecution;acceptedExecution;setupSuccess,At least one task mapped to this hub is not contributor-complete.,pass,pass,pass,unmet,unknown,unknown,unknown,unknown,unknown
212,P1,Known standard gap,map-content-hierarchically-root-trunk-branches-leaves,Map content hierarchically (root → trunk → branches → leaves),SEO & Content Architecture,3,complete,https://blitzmetrics.com/seo-tree,https://local-service-spotlight.github.io/task-library/?task=map-content-hierarchically-root-trunk-branches-leaves#task-map-content-hierarchically-root-trunk-branches-leaves,articleCatalogGate,,articleSemanticCertification;taskExampleEvidence;recordedExecution;acceptedExecution;setupSuccess,At least one task mapped to this hub is not contributor-complete.,pass,pass,pass,unmet,unknown,unknown,unknown,unknown,unknown
213,P1,Known standard gap,stage-3-content-endorsements-why-video-3x3-grid-library,"Stage 3: Content (endorsements, WHY video, 3×3 grid, library)",Strategy & Measurement,3,complete,https://blitzmetrics.com/social-amplification,https://local-service-spotlight.github.io/task-library/?task=stage-3-content-endorsements-why-video-3x3-grid-library#task-stage-3-content-endorsements-why-video-3x3-grid-library,articleCatalogGate,,articleSemanticCertification;taskExampleEvidence;recordedExecution;acceptedExecution;setupSuccess,At least one task mapped to this hub is not contributor-complete.,pass,pass,pass,unmet,unknown,unknown,unknown,unknown,unknown
214,P1,Known standard gap,test-mobile-load-time-under-3-seconds,Test mobile load time under 3 seconds,Website QA Audit,3,complete,https://blitzmetrics.com/website-qa-audit,https://local-service-spotlight.github.io/task-library/?task=test-mobile-load-time-under-3-seconds#task-test-mobile-load-time-under-3-seconds,articleCatalogGate,,articleSemanticCertification;taskExampleEvidence;recordedExecution;acceptedExecution;setupSuccess,At least one task mapped to this hub is not contributor-complete.,pass,pass,pass,unmet,unknown,unknown,unknown,unknown,unknown
215,P1,Known standard gap,verify-achievements-are-evidenced-not-just-claimed,"Verify achievements are evidenced, not just claimed",Website QA Audit,3,complete,https://blitzmetrics.com/website-qa-audit,https://local-service-spotlight.github.io/task-library/?task=verify-achievements-are-evidenced-not-just-claimed#task-verify-achievements-are-evidenced-not-just-claimed,articleCatalogGate,,articleSemanticCertification;taskExampleEvidence;recordedExecution;acceptedExecution;setupSuccess,At least one task mapped to this hub is not contributor-complete.,pass,pass,pass,unmet,unknown,unknown,unknown,unknown,unknown
216,P1,Known standard gap,verify-all-images-have-descriptive-alt-text,Verify all images have descriptive alt text,Website QA Audit,3,complete,https://blitzmetrics.com/website-qa-audit,https://local-service-spotlight.github.io/task-library/?task=verify-all-images-have-descriptive-alt-text#task-verify-all-images-have-descriptive-alt-text,articleCatalogGate,,articleSemanticCertification;taskExampleEvidence;recordedExecution;acceptedExecution;setupSuccess,At least one task mapped to this hub is not contributor-complete.,pass,pass,pass,unmet,unknown,unknown,unknown,unknown,unknown
217,P1,Known standard gap,verify-all-pages-written-in-first-person,Verify all pages written in first person,Website QA Audit,3,complete,https://blitzmetrics.com/website-qa-audit,https://local-service-spotlight.github.io/task-library/?task=verify-all-pages-written-in-first-person#task-verify-all-pages-written-in-first-person,articleCatalogGate,,articleSemanticCertification;taskExampleEvidence;recordedExecution;acceptedExecution;setupSuccess,At least one task mapped to this hub is not contributor-complete.,pass,pass,pass,unmet,unknown,unknown,unknown,unknown,unknown
218,P1,Known standard gap,verify-at-least-one-video-embed-on-homepage,Verify at least one video embed on homepage,Website QA Audit,3,complete,https://blitzmetrics.com/website-qa-audit,https://local-service-spotlight.github.io/task-library/?task=verify-at-least-one-video-embed-on-homepage#task-verify-at-least-one-video-embed-on-homepage,articleCatalogGate,,articleSemanticCertification;taskExampleEvidence;recordedExecution;acceptedExecution;setupSuccess,At least one task mapped to this hub is not contributor-complete.,pass,pass,pass,unmet,unknown,unknown,unknown,unknown,unknown
219,P1,Known standard gap,verify-email-opt-in-form-exists-and-works,Verify email opt-in form exists and works,Website QA Audit,3,complete,https://blitzmetrics.com/website-qa-audit,https://local-service-spotlight.github.io/task-library/?task=verify-email-opt-in-form-exists-and-works#task-verify-email-opt-in-form-exists-and-works,articleCatalogGate,,articleSemanticCertification;taskExampleEvidence;recordedExecution;acceptedExecution;setupSuccess,At least one task mapped to this hub is not contributor-complete.,pass,pass,pass,unmet,unknown,unknown,unknown,unknown,unknown
220,P1,Known standard gap,verify-entity-linking-follows-decision-tree,Verify entity linking follows decision tree,Website QA Audit,3,complete,https://blitzmetrics.com/website-qa-audit,https://local-service-spotlight.github.io/task-library/?task=verify-entity-linking-follows-decision-tree#task-verify-entity-linking-follows-decision-tree,articleCatalogGate,,articleSemanticCertification;taskExampleEvidence;recordedExecution;acceptedExecution;setupSuccess,At least one task mapped to this hub is not contributor-complete.,pass,pass,pass,unmet,unknown,unknown,unknown,unknown,unknown
221,P1,Known standard gap,verify-featured-images-unique-per-blog-post,Verify featured images unique per blog post,Website QA Audit,3,complete,https://blitzmetrics.com/website-qa-audit,https://local-service-spotlight.github.io/task-library/?task=verify-featured-images-unique-per-blog-post#task-verify-featured-images-unique-per-blog-post,articleCatalogGate,,articleSemanticCertification;taskExampleEvidence;recordedExecution;acceptedExecution;setupSuccess,At least one task mapped to this hub is not contributor-complete.,pass,pass,pass,unmet,unknown,unknown,unknown,unknown,unknown
222,P1,Known standard gap,verify-footer-includes-social-links-and-secondary-nav,Verify footer includes social links and secondary nav,Website QA Audit,3,complete,https://blitzmetrics.com/website-qa-audit,https://local-service-spotlight.github.io/task-library/?task=verify-footer-includes-social-links-and-secondary-nav#task-verify-footer-includes-social-links-and-secondary-nav,articleCatalogGate,,articleSemanticCertification;taskExampleEvidence;recordedExecution;acceptedExecution;setupSuccess,At least one task mapped to this hub is not contributor-complete.,pass,pass,pass,unmet,unknown,unknown,unknown,unknown,unknown
223,P1,Known standard gap,verify-google-business-profile,Verify Google Business Profile,Digital Plumbing,3,complete,https://blitzmetrics.com/digital-plumbing,https://local-service-spotlight.github.io/task-library/?task=verify-google-business-profile#task-verify-google-business-profile,articleCatalogGate,,articleSemanticCertification;taskExampleEvidence;recordedExecution;acceptedExecution;setupSuccess,At least one task mapped to this hub is not contributor-complete.,pass,pass,pass,unmet,unknown,unknown,unknown,unknown,unknown
224,P1,Known standard gap,verify-google-business-profile-is-verified,Verify Google Business Profile is verified,Website QA Audit,3,complete,https://blitzmetrics.com/website-qa-audit,https://local-service-spotlight.github.io/task-library/?task=verify-google-business-profile-is-verified#task-verify-google-business-profile-is-verified,articleCatalogGate,,articleSemanticCertification;taskExampleEvidence;recordedExecution;acceptedExecution;setupSuccess,At least one task mapped to this hub is not contributor-complete.,pass,pass,pass,unmet,unknown,unknown,unknown,unknown,unknown
225,P1,Known standard gap,verify-hero-section-contains-real-photo-of-person,Verify hero section contains real photo of person,Website QA Audit,3,complete,https://blitzmetrics.com/website-qa-audit,https://local-service-spotlight.github.io/task-library/?task=verify-hero-section-contains-real-photo-of-person#task-verify-hero-section-contains-real-photo-of-person,articleCatalogGate,,articleSemanticCertification;taskExampleEvidence;recordedExecution;acceptedExecution;setupSuccess,At least one task mapped to this hub is not contributor-complete.,pass,pass,pass,unmet,unknown,unknown,unknown,unknown,unknown
226,P1,Known standard gap,verify-minimum-5-distinct-images-on-homepage,Verify minimum 5 distinct images on homepage,Website QA Audit,3,complete,https://blitzmetrics.com/website-qa-audit,https://local-service-spotlight.github.io/task-library/?task=verify-minimum-5-distinct-images-on-homepage#task-verify-minimum-5-distinct-images-on-homepage,articleCatalogGate,,articleSemanticCertification;taskExampleEvidence;recordedExecution;acceptedExecution;setupSuccess,At least one task mapped to this hub is not contributor-complete.,pass,pass,pass,unmet,unknown,unknown,unknown,unknown,unknown
227,P1,Known standard gap,verify-rank-math-score-above-70-on-every-page,Verify Rank Math score above 70 on every page,Website QA Audit,3,complete,https://blitzmetrics.com/website-qa-audit,https://local-service-spotlight.github.io/task-library/?task=verify-rank-math-score-above-70-on-every-page#task-verify-rank-math-score-above-70-on-every-page,articleCatalogGate,,articleSemanticCertification;taskExampleEvidence;recordedExecution;acceptedExecution;setupSuccess,At least one task mapped to this hub is not contributor-complete.,pass,pass,pass,unmet,unknown,unknown,unknown,unknown,unknown
228,P1,Known standard gap,verify-social-proof-photos-present,Verify social proof photos present,Website QA Audit,3,complete,https://blitzmetrics.com/website-qa-audit,https://local-service-spotlight.github.io/task-library/?task=verify-social-proof-photos-present#task-verify-social-proof-photos-present,articleCatalogGate,,articleSemanticCertification;taskExampleEvidence;recordedExecution;acceptedExecution;setupSuccess,At least one task mapped to this hub is not contributor-complete.,pass,pass,pass,unmet,unknown,unknown,unknown,unknown,unknown
229,P1,Known standard gap,verify-testimonials-include-headshots-with-attribution,Verify testimonials include headshots with attribution,Website QA Audit,3,complete,https://blitzmetrics.com/website-qa-audit,https://local-service-spotlight.github.io/task-library/?task=verify-testimonials-include-headshots-with-attribution#task-verify-testimonials-include-headshots-with-attribution,articleCatalogGate,,articleSemanticCertification;taskExampleEvidence;recordedExecution;acceptedExecution;setupSuccess,At least one task mapped to this hub is not contributor-complete.,pass,pass,pass,unmet,unknown,unknown,unknown,unknown,unknown
230,P1,Known standard gap,verify-testimonials-with-full-attribution,Verify testimonials with full attribution,Website QA Audit,3,complete,https://blitzmetrics.com/website-qa-audit,https://local-service-spotlight.github.io/task-library/?task=verify-testimonials-with-full-attribution#task-verify-testimonials-with-full-attribution,articleCatalogGate,,articleSemanticCertification;taskExampleEvidence;recordedExecution;acceptedExecution;setupSuccess,At least one task mapped to this hub is not contributor-complete.,pass,pass,pass,unmet,unknown,unknown,unknown,unknown,unknown
231,P1,Known standard gap,verify-xml-sitemap-exists-and-in-robotstxt,Verify XML sitemap exists and in robots.txt,Website QA Audit,3,complete,https://blitzmetrics.com/website-qa-audit,https://local-service-spotlight.github.io/task-library/?task=verify-xml-sitemap-exists-and-in-robotstxt#task-verify-xml-sitemap-exists-and-in-robotstxt,articleCatalogGate,,articleSemanticCertification;taskExampleEvidence;recordedExecution;acceptedExecution;setupSuccess,At least one task mapped to this hub is not contributor-complete.,pass,pass,pass,unmet,unknown,unknown,unknown,unknown,unknown
232,P1,Known standard gap,check-topic-coherence-for-each-definitive-article,Check topic coherence for each definitive article,Knowledge System Maintenance,2,complete,https://blitzmetrics.com/knowledge-system-maintenance,https://local-service-spotlight.github.io/task-library/?task=check-topic-coherence-for-each-definitive-article#task-check-topic-coherence-for-each-definitive-article,articleCatalogGate,,articleSemanticCertification;taskExampleEvidence;recordedExecution;acceptedExecution;setupSuccess,At least one task mapped to this hub is not contributor-complete.,pass,pass,pass,unmet,unknown,unknown,unknown,unknown,unknown
233,P1,Known standard gap,create-sop-amendment-proposal-500-words,Create task guide Amendment Proposal (≤500 words),Knowledge System Maintenance,2,complete,https://blitzmetrics.com/knowledge-system-maintenance,https://local-service-spotlight.github.io/task-library/?task=create-sop-amendment-proposal-500-words#task-create-sop-amendment-proposal-500-words,articleCatalogGate,,articleSemanticCertification;taskExampleEvidence;recordedExecution;acceptedExecution;setupSuccess,At least one task mapped to this hub is not contributor-complete.,pass,pass,pass,unmet,unknown,unknown,unknown,unknown,unknown
234,P1,Known standard gap,verify-structural-completeness-against-8-step-framework,Check structure against the current article guidelines,Knowledge System Maintenance,2,complete,https://blitzmetrics.com/knowledge-system-maintenance,https://local-service-spotlight.github.io/task-library/?task=verify-structural-completeness-against-8-step-framework#task-verify-structural-completeness-against-8-step-framework,articleCatalogGate,,articleSemanticCertification;taskExampleEvidence;recordedExecution;acceptedExecution;setupSuccess,At least one task mapped to this hub is not contributor-complete.,pass,pass,pass,unmet,unknown,unknown,unknown,unknown,unknown
235,P2,Importance 5; missing proof remains,map-out-one-minute-video-topics-using-topic-wheel,Map out one-minute video topics using Topic Wheel,Content Factory — Produce,5,complete,https://blitzmetrics.com/topic-wheel,https://local-service-spotlight.github.io/task-library/?task=map-out-one-minute-video-topics-using-topic-wheel#task-map-out-one-minute-video-topics-using-topic-wheel,,,articleSemanticCertification;taskExampleEvidence;recordedExecution;acceptedExecution;setupSuccess,No exact-revision positive semantic review is recorded for this article.,pass,pass,pass,pass,unknown,unknown,unknown,unknown,unknown
236,P2,Importance 5; missing proof remains,record-one-minute-videos,Record one-minute videos,Content Factory — Produce,5,complete,https://blitzmetrics.com/one-minute-video-guide,https://local-service-spotlight.github.io/task-library/?task=record-one-minute-videos#task-record-one-minute-videos,,,articleSemanticCertification;recordedExecution;acceptedExecution;setupSuccess,No exact-revision positive semantic review is recorded for this article.,pass,pass,pass,pass,unknown,pass,unknown,unknown,unknown
237,P2,Importance 5; missing proof remains,run-content-factory-on-any-engine,Run the Content Factory with your available tools,Strategy & Measurement,5,complete,https://blitzmetrics.com/content-factory,https://local-service-spotlight.github.io/task-library/?task=run-content-factory-on-any-engine#task-run-content-factory-on-any-engine,,,articleSemanticCertification;recordedExecution;acceptedExecution;setupSuccess,No exact-revision positive semantic review is recorded for this article.,pass,pass,pass,pass,unknown,pass,unknown,unknown,unknown
238,P2,Importance 5; missing proof remains,step-1-upload-video-to-google-drive-and-descript,Step 1: Upload video to Google Drive and Descript,Content Factory — Process,5,complete,https://localservicespotlight.com/article-guidelines/,https://local-service-spotlight.github.io/task-library/?task=step-1-upload-video-to-google-drive-and-descript#task-step-1-upload-video-to-google-drive-and-descript,,,articleSemanticCertification;taskExampleEvidence;recordedExecution;acceptedExecution;setupSuccess,No exact-revision positive semantic review is recorded for this article.,pass,pass,pass,pass,unknown,unknown,unknown,unknown,unknown
239,P2,Importance 5; missing proof remains,step-11-proofread-with-grammarly-or-chatgpt,Step 11: Proofread with Grammarly or ChatGPT,Content Factory — Process,5,complete,https://localservicespotlight.com/article-guidelines/,https://local-service-spotlight.github.io/task-library/?task=step-11-proofread-with-grammarly-or-chatgpt#task-step-11-proofread-with-grammarly-or-chatgpt,,,articleSemanticCertification;taskExampleEvidence;recordedExecution;acceptedExecution;setupSuccess,No exact-revision positive semantic review is recorded for this article.,pass,pass,pass,pass,unknown,unknown,unknown,unknown,unknown
240,P2,Importance 5; missing proof remains,step-12-post-article-on-wordpress,Step 12: Post article on WordPress,Content Factory — Post,5,complete,https://localservicespotlight.com/article-guidelines/,https://local-service-spotlight.github.io/task-library/?task=step-12-post-article-on-wordpress#task-step-12-post-article-on-wordpress,,,articleSemanticCertification;taskExampleEvidence;recordedExecution;acceptedExecution;setupSuccess,No exact-revision positive semantic review is recorded for this article.,pass,pass,pass,pass,unknown,unknown,unknown,unknown,unknown
241,P2,Importance 5; missing proof remains,step-2-fix-categories-and-tags-in-wordpress,Step 2: Fix categories and tags in WordPress,SEO & Content Architecture,5,complete,https://blitzmetrics.com/internal-linking,https://local-service-spotlight.github.io/task-library/?task=step-2-fix-categories-and-tags-in-wordpress#task-step-2-fix-categories-and-tags-in-wordpress,,,articleSemanticCertification;taskExampleEvidence;recordedExecution;acceptedExecution;setupSuccess,No exact-revision positive semantic review is recorded for this article.,pass,pass,pass,pass,unknown,unknown,unknown,unknown,unknown
242,P2,Importance 5; missing proof remains,step-2-transcribe-video-using-descript,Step 2: Transcribe video using Descript,Content Factory — Process,5,complete,https://localservicespotlight.com/article-guidelines/,https://local-service-spotlight.github.io/task-library/?task=step-2-transcribe-video-using-descript#task-step-2-transcribe-video-using-descript,,,articleSemanticCertification;taskExampleEvidence;recordedExecution;acceptedExecution;setupSuccess,No exact-revision positive semantic review is recorded for this article.,pass,pass,pass,pass,unknown,unknown,unknown,unknown,unknown
243,P2,Importance 5; missing proof remains,step-5-write-article-from-transcript,Step 5: Write article from transcript,Content Factory — Process,5,complete,https://localservicespotlight.com/article-guidelines/,https://local-service-spotlight.github.io/task-library/?task=step-5-write-article-from-transcript#task-step-5-write-article-from-transcript,,,articleSemanticCertification;taskExampleEvidence;recordedExecution;acceptedExecution;setupSuccess,No exact-revision positive semantic review is recorded for this article.,pass,pass,pass,pass,unknown,unknown,unknown,unknown,unknown
244,P2,Importance 5; missing proof remains,use-descript-underlord-to-remove-filler-words,Use Descript Underlord to remove filler words,Content Factory — Process,5,complete,https://localservicespotlight.com/article-guidelines/,https://local-service-spotlight.github.io/task-library/?task=use-descript-underlord-to-remove-filler-words#task-use-descript-underlord-to-remove-filler-words,,,articleSemanticCertification;taskExampleEvidence;recordedExecution;acceptedExecution;setupSuccess,No exact-revision positive semantic review is recorded for this article.,pass,pass,pass,pass,unknown,unknown,unknown,unknown,unknown
245,P2,Importance 5; missing proof remains,write-meta-article-documenting-agent-work,Write a meta article documenting a task execution,Content Factory — Process,5,complete,https://blitzmetrics.com/meta-article-prompt/,https://local-service-spotlight.github.io/task-library/?task=write-meta-article-documenting-agent-work#task-write-meta-article-documenting-agent-work,,,articleSemanticCertification;recordedExecution;acceptedExecution;setupSuccess,No exact-revision positive semantic review is recorded for this article.,pass,pass,pass,pass,unknown,pass,unknown,unknown,unknown
246,P3,Missing proof remains,email-and-dm-client-about-published-article,Email and DM client about published article,Content Factory — Post,4,complete,https://localservicespotlight.com/article-guidelines/,https://local-service-spotlight.github.io/task-library/?task=email-and-dm-client-about-published-article#task-email-and-dm-client-about-published-article,,,articleSemanticCertification;taskExampleEvidence;recordedExecution;acceptedExecution;setupSuccess,No exact-revision positive semantic review is recorded for this article.,pass,pass,pass,pass,unknown,unknown,unknown,unknown,unknown
247,P3,Missing proof remains,how-to-inventory-a-podcast-on-youtube,How to inventory a podcast on YouTube,Content Factory — Process,4,complete,https://blitzmetrics.com/how-to-inventory-a-podcast-on-youtube/,https://local-service-spotlight.github.io/task-library/?task=how-to-inventory-a-podcast-on-youtube#task-how-to-inventory-a-podcast-on-youtube,,,articleSemanticCertification;recordedExecution;acceptedExecution;setupSuccess,No exact-revision positive semantic review is recorded for this article.,pass,pass,pass,pass,unknown,pass,unknown,unknown,unknown
248,P3,Missing proof remains,how-to-inventory-every-podcast-youve-been-on-and-why-its-one-of-the-highest-roi-things-you-can-do,How to inventory every podcast you've been on,Content Factory — Process,4,complete,https://blitzmetrics.com/how-to-inventory-every-podcast-youve-been-on-and-why-its-one-of-the-highest-roi-things-you-can-do/,https://local-service-spotlight.github.io/task-library/?task=how-to-inventory-every-podcast-youve-been-on-and-why-its-one-of-the-highest-roi-things-you-can-do#task-how-to-inventory-every-podcast-youve-been-on-and-why-its-one-of-the-highest-roi-things-you-can-do,,,articleSemanticCertification;recordedExecution;acceptedExecution;setupSuccess,No exact-revision positive semantic review is recorded for this article.,pass,pass,pass,pass,unknown,pass,unknown,unknown,unknown
249,P3,Missing proof remains,how-we-use-listen-notes-to-find-track-and-repurpose-every-podcast-appearance,"How we use Listen Notes to find, track, and repurpose every podcast appearance",Content Factory — Process,4,complete,https://blitzmetrics.com/how-we-use-listen-notes-to-find-track-and-repurpose-every-podcast-appearance/,https://local-service-spotlight.github.io/task-library/?task=how-we-use-listen-notes-to-find-track-and-repurpose-every-podcast-appearance#task-how-we-use-listen-notes-to-find-track-and-repurpose-every-podcast-appearance,,,articleSemanticCertification;recordedExecution;acceptedExecution;setupSuccess,No exact-revision positive semantic review is recorded for this article.,pass,pass,pass,pass,unknown,pass,unknown,unknown,unknown
250,P3,Missing proof remains,how-we-use-podchaser-to-amplify-authority-and-repurpose-podcast-content,How we use Podchaser to amplify authority and repurpose podcast content,Content Factory — Process,4,complete,https://blitzmetrics.com/how-we-use-podchaser-to-amplify-authority-and-repurpose-podcast-content/,https://local-service-spotlight.github.io/task-library/?task=how-we-use-podchaser-to-amplify-authority-and-repurpose-podcast-content#task-how-we-use-podchaser-to-amplify-authority-and-repurpose-podcast-content,,,articleSemanticCertification;recordedExecution;acceptedExecution;setupSuccess,No exact-revision positive semantic review is recorded for this article.,pass,pass,pass,pass,unknown,pass,unknown,unknown,unknown
251,P3,Missing proof remains,run-overnight-local-writer,Run overnight local writer,Content Factory — Process,4,complete,https://blitzmetrics.com/overnight-content-worker,https://local-service-spotlight.github.io/task-library/?task=run-overnight-local-writer#task-run-overnight-local-writer,,,articleSemanticCertification;recordedExecution;acceptedExecution;setupSuccess,No exact-revision positive semantic review is recorded for this article.,pass,pass,pass,pass,unknown,pass,unknown,unknown,unknown
252,P3,Missing proof remains,share-in-44k-facebook-group,Share in 44K Facebook group,Content Factory — Post,4,complete,https://localservicespotlight.com/article-guidelines/,https://local-service-spotlight.github.io/task-library/?task=share-in-44k-facebook-group#task-share-in-44k-facebook-group,,,articleSemanticCertification;taskExampleEvidence;recordedExecution;acceptedExecution;setupSuccess,No exact-revision positive semantic review is recorded for this article.,pass,pass,pass,pass,unknown,unknown,unknown,unknown,unknown
253,P3,Missing proof remains,step-10-embed-source-video,Step 10: Embed source video,Content Factory — Process,4,complete,https://localservicespotlight.com/article-guidelines/,https://local-service-spotlight.github.io/task-library/?task=step-10-embed-source-video#task-step-10-embed-source-video,,,articleSemanticCertification;taskExampleEvidence;recordedExecution;acceptedExecution;setupSuccess,No exact-revision positive semantic review is recorded for this article.,pass,pass,pass,pass,unknown,unknown,unknown,unknown,unknown
254,P3,Missing proof remains,step-13-categorize-post-and-add-tags,Step 13: Categorize post and add tags,Content Factory — Post,4,complete,https://localservicespotlight.com/article-guidelines/,https://local-service-spotlight.github.io/task-library/?task=step-13-categorize-post-and-add-tags#task-step-13-categorize-post-and-add-tags,,,articleSemanticCertification;taskExampleEvidence;recordedExecution;acceptedExecution;setupSuccess,No exact-revision positive semantic review is recorded for this article.,pass,pass,pass,pass,unknown,unknown,unknown,unknown,unknown
255,P3,Missing proof remains,step-14a-configure-rankmath-seo-plugin,Step 14a: Configure RankMath SEO plugin,Content Factory — Post,4,complete,https://localservicespotlight.com/article-guidelines/,https://local-service-spotlight.github.io/task-library/?task=step-14a-configure-rankmath-seo-plugin#task-step-14a-configure-rankmath-seo-plugin,,,articleSemanticCertification;taskExampleEvidence;recordedExecution;acceptedExecution;setupSuccess,No exact-revision positive semantic review is recorded for this article.,pass,pass,pass,pass,unknown,unknown,unknown,unknown,unknown
256,P3,Missing proof remains,step-14b-run-linkwhisper-for-internal-links,Step 14b: Run LinkWhisper for internal links,Content Factory — Post,4,complete,https://localservicespotlight.com/article-guidelines/,https://local-service-spotlight.github.io/task-library/?task=step-14b-run-linkwhisper-for-internal-links#task-step-14b-run-linkwhisper-for-internal-links,,,articleSemanticCertification;taskExampleEvidence;recordedExecution;acceptedExecution;setupSuccess,No exact-revision positive semantic review is recorded for this article.,pass,pass,pass,pass,unknown,unknown,unknown,unknown,unknown
257,P3,Missing proof remains,step-17-final-formatting-and-qa-checks,Step 17: Final formatting and QA checks,Content Factory — Post,4,complete,https://localservicespotlight.com/article-guidelines/,https://local-service-spotlight.github.io/task-library/?task=step-17-final-formatting-and-qa-checks#task-step-17-final-formatting-and-qa-checks,,,articleSemanticCertification;taskExampleEvidence;recordedExecution;acceptedExecution;setupSuccess,No exact-revision positive semantic review is recorded for this article.,pass,pass,pass,pass,unknown,unknown,unknown,unknown,unknown
258,P3,Missing proof remains,step-3-watch-video-and-identify-gct,Step 3: Watch video and identify GCT,Content Factory — Process,4,complete,https://localservicespotlight.com/article-guidelines/,https://local-service-spotlight.github.io/task-library/?task=step-3-watch-video-and-identify-gct#task-step-3-watch-video-and-identify-gct,,,articleSemanticCertification;taskExampleEvidence;recordedExecution;acceptedExecution;setupSuccess,No exact-revision positive semantic review is recorded for this article.,pass,pass,pass,pass,unknown,unknown,unknown,unknown,unknown
259,P3,Missing proof remains,step-4-research-edit-add-timestamps-and-outline,"Step 4: Research, edit, add timestamps and outline",Content Factory — Process,4,complete,https://localservicespotlight.com/article-guidelines/,https://local-service-spotlight.github.io/task-library/?task=step-4-research-edit-add-timestamps-and-outline#task-step-4-research-edit-add-timestamps-and-outline,,,articleSemanticCertification;taskExampleEvidence;recordedExecution;acceptedExecution;setupSuccess,No exact-revision positive semantic review is recorded for this article.,pass,pass,pass,pass,unknown,unknown,unknown,unknown,unknown
260,P3,Missing proof remains,step-6-measure-and-iterate-with-maa,Step 6: Measure and iterate with MAA,SEO & Content Architecture,4,complete,https://blitzmetrics.com/internal-linking,https://local-service-spotlight.github.io/task-library/?task=step-6-measure-and-iterate-with-maa#task-step-6-measure-and-iterate-with-maa,,,articleSemanticCertification;taskExampleEvidence;recordedExecution;acceptedExecution;setupSuccess,No exact-revision positive semantic review is recorded for this article.,pass,pass,pass,pass,unknown,unknown,unknown,unknown,unknown
261,P3,Missing proof remains,step-6-write-title-and-headings,Step 6: Write title and headings,Content Factory — Process,4,complete,https://localservicespotlight.com/article-guidelines/,https://local-service-spotlight.github.io/task-library/?task=step-6-write-title-and-headings#task-step-6-write-title-and-headings,,,articleSemanticCertification;taskExampleEvidence;recordedExecution;acceptedExecution;setupSuccess,No exact-revision positive semantic review is recorded for this article.,pass,pass,pass,pass,unknown,unknown,unknown,unknown,unknown
262,P3,Missing proof remains,step-7-write-hook-and-establish-context,Step 7: Write hook and establish context,Content Factory — Process,4,complete,https://localservicespotlight.com/article-guidelines/,https://local-service-spotlight.github.io/task-library/?task=step-7-write-hook-and-establish-context#task-step-7-write-hook-and-establish-context,,,articleSemanticCertification;taskExampleEvidence;recordedExecution;acceptedExecution;setupSuccess,No exact-revision positive semantic review is recorded for this article.,pass,pass,pass,pass,unknown,unknown,unknown,unknown,unknown
263,P3,Missing proof remains,step-8-add-photos-and-featured-image,Step 8: Add photos and featured image,Content Factory — Process,4,complete,https://localservicespotlight.com/article-guidelines/,https://local-service-spotlight.github.io/task-library/?task=step-8-add-photos-and-featured-image#task-step-8-add-photos-and-featured-image,,,articleSemanticCertification;taskExampleEvidence;recordedExecution;acceptedExecution;setupSuccess,No exact-revision positive semantic review is recorded for this article.,pass,pass,pass,pass,unknown,unknown,unknown,unknown,unknown
264,P3,Missing proof remains,step-9-add-internal-links-with-proper-anchor-text,Step 9: Add internal links with proper anchor text,Content Factory — Process,4,complete,https://localservicespotlight.com/article-guidelines/,https://local-service-spotlight.github.io/task-library/?task=step-9-add-internal-links-with-proper-anchor-text#task-step-9-add-internal-links-with-proper-anchor-text,,,articleSemanticCertification;taskExampleEvidence;recordedExecution;acceptedExecution;setupSuccess,No exact-revision positive semantic review is recorded for this article.,pass,pass,pass,pass,unknown,unknown,unknown,unknown,unknown
265,P3,Missing proof remains,verify-all-items-on-blog-posting-checklist,Verify all items on Blog Posting checklist,Content Factory — Post,4,complete,https://localservicespotlight.com/article-guidelines/,https://local-service-spotlight.github.io/task-library/?task=verify-all-items-on-blog-posting-checklist#task-verify-all-items-on-blog-posting-checklist,,,articleSemanticCertification;taskExampleEvidence;recordedExecution;acceptedExecution;setupSuccess,No exact-revision positive semantic review is recorded for this article.,pass,pass,pass,pass,unknown,unknown,unknown,unknown,unknown
266,P3,Missing proof remains,keep-speaker-bureau-profile-bookable,Keep speaker bureau profile bookable,Personal Branding,3,complete,https://blitzmetrics.com/speaker-kit,https://local-service-spotlight.github.io/task-library/?task=keep-speaker-bureau-profile-bookable#task-keep-speaker-bureau-profile-bookable,,,articleSemanticCertification;recordedExecution;acceptedExecution;setupSuccess,No exact-revision positive semantic review is recorded for this article.,pass,pass,pass,pass,unknown,pass,unknown,unknown,unknown
267,P3,Missing proof remains,map-how-ring-methods,Map HOW ring (methods),Strategy & Measurement,3,complete,https://blitzmetrics.com/topic-wheel,https://local-service-spotlight.github.io/task-library/?task=map-how-ring-methods#task-map-how-ring-methods,,,articleSemanticCertification;taskExampleEvidence;recordedExecution;acceptedExecution;setupSuccess,No exact-revision positive semantic review is recorded for this article.,pass,pass,pass,pass,unknown,unknown,unknown,unknown,unknown
268,P3,Missing proof remains,map-what-ring-specific-content,Map the WHAT offer at the center,Strategy & Measurement,3,complete,https://blitzmetrics.com/topic-wheel,https://local-service-spotlight.github.io/task-library/?task=map-what-ring-specific-content#task-map-what-ring-specific-content,,,articleSemanticCertification;taskExampleEvidence;recordedExecution;acceptedExecution;setupSuccess,No exact-revision positive semantic review is recorded for this article.,pass,pass,pass,pass,unknown,unknown,unknown,unknown,unknown
269,P3,Missing proof remains,map-why-ring-core-purpose,Map WHY stories in the outer ring,Strategy & Measurement,3,complete,https://blitzmetrics.com/topic-wheel,https://local-service-spotlight.github.io/task-library/?task=map-why-ring-core-purpose#task-map-why-ring-core-purpose,,,articleSemanticCertification;taskExampleEvidence;recordedExecution;acceptedExecution;setupSuccess,No exact-revision positive semantic review is recorded for this article.,pass,pass,pass,pass,unknown,unknown,unknown,unknown,unknown
270,P3,Missing proof remains,positive-mentions-harvester,Positive Mentions Harvester,Personal Branding,3,complete,https://blitzmetrics.com/how-to-collect-organize-positive-mentions-to-build-authority/,https://local-service-spotlight.github.io/task-library/?task=positive-mentions-harvester#task-positive-mentions-harvester,,,articleSemanticCertification;recordedExecution;acceptedExecution;setupSuccess,No exact-revision positive semantic review is recorded for this article.,pass,pass,pass,pass,unknown,pass,unknown,unknown,unknown
271,P3,Missing proof remains,step-1-inventory-content-and-establish-gct-per-page,Step 1: Inventory content and establish GCT per page,SEO & Content Architecture,3,complete,https://blitzmetrics.com/internal-linking,https://local-service-spotlight.github.io/task-library/?task=step-1-inventory-content-and-establish-gct-per-page#task-step-1-inventory-content-and-establish-gct-per-page,,,articleSemanticCertification;taskExampleEvidence;recordedExecution;acceptedExecution;setupSuccess,No exact-revision positive semantic review is recorded for this article.,pass,pass,pass,pass,unknown,unknown,unknown,unknown,unknown
272,P3,Missing proof remains,step-3-identify-money-pages-and-orphan-pages,Step 3: Identify money pages and orphan pages,SEO & Content Architecture,3,complete,https://blitzmetrics.com/internal-linking,https://local-service-spotlight.github.io/task-library/?task=step-3-identify-money-pages-and-orphan-pages#task-step-3-identify-money-pages-and-orphan-pages,,,articleSemanticCertification;taskExampleEvidence;recordedExecution;acceptedExecution;setupSuccess,No exact-revision positive semantic review is recorded for this article.,pass,pass,pass,pass,unknown,unknown,unknown,unknown,unknown
273,P3,Missing proof remains,step-4-create-links-with-proper-anchor-text-and-placement,Step 4: Create links with proper anchor text and placement,SEO & Content Architecture,3,complete,https://blitzmetrics.com/internal-linking,https://local-service-spotlight.github.io/task-library/?task=step-4-create-links-with-proper-anchor-text-and-placement#task-step-4-create-links-with-proper-anchor-text-and-placement,,,articleSemanticCertification;taskExampleEvidence;recordedExecution;acceptedExecution;setupSuccess,No exact-revision positive semantic review is recorded for this article.,pass,pass,pass,pass,unknown,unknown,unknown,unknown,unknown
274,P3,Missing proof remains,step-5-qa-links-against-google-guidelines,Step 5: QA links against Google guidelines,SEO & Content Architecture,3,complete,https://blitzmetrics.com/internal-linking,https://local-service-spotlight.github.io/task-library/?task=step-5-qa-links-against-google-guidelines#task-step-5-qa-links-against-google-guidelines,,,articleSemanticCertification;taskExampleEvidence;recordedExecution;acceptedExecution;setupSuccess,No exact-revision positive semantic review is recorded for this article.,pass,pass,pass,pass,unknown,unknown,unknown,unknown,unknown
275,P3,Missing proof remains,use-for-content-planning-and-video-topics,Use for content planning and video topics,Strategy & Measurement,3,complete,https://blitzmetrics.com/topic-wheel,https://local-service-spotlight.github.io/task-library/?task=use-for-content-planning-and-video-topics#task-use-for-content-planning-and-video-topics,,,articleSemanticCertification;taskExampleEvidence;recordedExecution;acceptedExecution;setupSuccess,No exact-revision positive semantic review is recorded for this article.,pass,pass,pass,pass,unknown,unknown,unknown,unknown,unknown
276,P3,Missing proof remains,use-proper-anchor-text-3-6-words-descriptive,"Use proper anchor text (3–6 words, descriptive)",SEO & Content Architecture,3,complete,https://blitzmetrics.com/internal-linking,https://local-service-spotlight.github.io/task-library/?task=use-proper-anchor-text-3-6-words-descriptive#task-use-proper-anchor-text-3-6-words-descriptive,,,articleSemanticCertification;taskExampleEvidence;recordedExecution;acceptedExecution;setupSuccess,No exact-revision positive semantic review is recorded for this article.,pass,pass,pass,pass,unknown,unknown,unknown,unknown,unknown
